method=skillopt backend=api items=1400 skill_chars=6803
out_dir=experiments/judgestudy/candidates/judge_step6
[196/1400] id=3574ef631b4d48f7b4b2e304c1b7eba0 em=1.0 f1=1.00 pred='Scooter'
[197/1400] id=b439e5783bd64c238c306b520a44aa04 em=1.0 f1=1.00 pred='Tesla coil'
[198/1400] id=3806f3917ad74a7abaf1ac64016cf9b2 em=1.0 f1=1.00 pred='Dove'
[199/1400] id=fb928910625f422ba1897825b5ab5f4f em=1.0 f1=1.00 pred='15'
[200/1400] id=77c033ce24b14a38b2131274c99a409f em=1.0 f1=1.00 pred='barley'
[201/1400] id=d6e95e41b53943a4a2caf08178634e94 em=1.0 f1=1.00 pred='Henri Matisse'
[202/1400] id=6e33a868ec674f59bc2e0a7fa4686f4d em=1.0 f1=1.00 pred='Event horizon'
[203/1400] id=606268049245493e960f6a2fe6ddf9ba em=1.0 f1=1.00 pred='Son of Sam'
[204/1400] id=6f76f4ec0a1c46f3824786e43acd1a42 em=0.0 f1=0.67 pred='jugular vein'
[205/1400] id=0ffdf0ac392c4050bc585c32b7a48aec em=1.0 f1=1.00 pred='Greece'
[206/1400] id=0ad6f400c12a4da8815213c1d6aada43 em=1.0 f1=1.00 pred='loco'
[207/1400] id=9a2ffbc032454b858f83cb50793a4c83 em=1.0 f1=1.00 pred='December'
[208/1400] id=07782e76e7ec403b883dbe704dc16ba2 em=1.0 f1=1.00 pred='Michael Jordan'
[209/1400] id=f233a9c1c2fb4650bae56cfc02ad8cde em=1.0 f1=1.00 pred='Don Quixote'
[210/1400] id=1c168ba59de44d469fba6009f8c14e9e em=1.0 f1=1.00 pred='horses'
[211/1400] id=5287b59ad7184131a93c827769df7ae9 em=1.0 f1=1.00 pred='Lifeboat'
[212/1400] id=783e9f82f9c044999fbe04aaed091a80 em=1.0 f1=1.00 pred='Bowling for Columbine'
[213/1400] id=7821675f0b614f5b89828e5004ce01a4 em=1.0 f1=1.00 pred='1949'
[214/1400] id=d6254d08e9c44ac1b94eea9be6624549 em=1.0 f1=1.00 pred='Mustard'
[215/1400] id=3da5b2392db8414bba6d0c3da2ab3f79 em=0.0 f1=0.67 pred='Richard Nixon'
[216/1400] id=0cd00484d33645b0a58f51dfec568995 em=1.0 f1=1.00 pred='Venezuela'
[217/1400] id=db1c3a9cc3df4782adc936838679d1c0 em=1.0 f1=1.00 pred='The Searchers'
[218/1400] id=c1cd1e093cf54677a83e671a9a332b98 em=1.0 f1=1.00 pred='grace'
[219/1400] id=e95bc48e53df41cda7d0f253149bab48 em=1.0 f1=1.00 pred='New York Yankees'
[220/1400] id=a8e6016661be494ebc65e7a80a1d7ff1 em=1.0 f1=1.00 pred='Red Buttons'
[221/1400] id=345d4dc06c7e4bd0bf02d54c83af22f0 em=1.0 f1=1.00 pred='nests'
[222/1400] id=51b4c515dadb49da82b22445a69a9881 em=1.0 f1=1.00 pred='comet'
[223/1400] id=cb1b48bb73ee438081bb7b3dc484dc3d em=1.0 f1=1.00 pred='bone marrow'
[224/1400] id=31a472d2b8a942c9a7d7f8050233a960 em=1.0 f1=1.00 pred='Belle Watling'
[225/1400] id=6e2e7a60038547609427b5cc58b35de0 em=0.0 f1=0.50 pred='Alfred, Lord Tennyson'
[226/1400] id=3ed3ab8bdddb466a9001f8282173d0fe em=1.0 f1=1.00 pred='28 Weeks Later'
[227/1400] id=a9600ebd49684f158a292964aef91319 em=1.0 f1=1.00 pred='carrier'
[228/1400] id=c5dcf70c3a47476699dbe6811140cb58 em=1.0 f1=1.00 pred='Sweden'
[229/1400] id=0ea40b8199ce485e97511ed1a0f4b329 em=1.0 f1=1.00 pred='canals'
[230/1400] id=d62c4b22ddb244608a60d467aa5c35e8 em=1.0 f1=1.00 pred='Babe'
[231/1400] id=2fd1897c4e914a4b8c1e759123ebc1c3 em=1.0 f1=1.00 pred='Goldeneye'
[232/1400] id=dca652e3f8db4a06b132d57c30c5c77b em=0.0 f1=0.67 pred='chili pepper'
[233/1400] id=81ff2cf8bf2e4a0cbff1aeff5c0e67df em=1.0 f1=1.00 pred='Henry VIII'
[234/1400] id=8b9d892de0e143c69dc410f5123e7520 em=1.0 f1=1.00 pred='LBJ'
[235/1400] id=ab628aaebd1149a596554d215f8207d9 em=1.0 f1=1.00 pred='Cleopatra'
[236/1400] id=d979fed6fede41ceaa780d115d1d0124 em=1.0 f1=1.00 pred='Bling-bling'
[237/1400] id=fc5312021cfd4dd998dfa3f7342ab62b em=0.0 f1=0.67 pred='Freeport, Maine'
[238/1400] id=a4f828a3afb942da92913cc3e7f36c24 em=1.0 f1=1.00 pred='Philadelphia'
[239/1400] id=51a410837fa748c0ad59b078f5b96ef7 em=0.0 f1=0.00 pred='Vice President'
[240/1400] id=32f12b8717454d6c9401909b517875d9 em=1.0 f1=1.00 pred='Nantucket'
[241/1400] id=f59615e5df1c4b02a8cee40b10c61d8c em=1.0 f1=1.00 pred='The Notorious B.I.G.'
[242/1400] id=9d31050c4b73430485803dd317f7a987 em=1.0 f1=1.00 pred='Cosmopolitan'
[243/1400] id=007e0f579f49464d90e43b6e24cefbb4 em=1.0 f1=1.00 pred='Spanish American War'
[244/1400] id=a7312ddf63744c37b682fd71a7a30698 em=0.0 f1=0.80 pred='frogs and toads'
[245/1400] id=2f64879434954dc380f9213f868e8338 em=1.0 f1=1.00 pred='Gene Kelly'
[246/1400] id=5a59d6e1cec84d6ba54c03a3910af065 em=1.0 f1=1.00 pred='Lou Reed'
[247/1400] id=40c86f5f19654755b76a872cad12e8fe em=0.0 f1=0.80 pred='Thomas Hopkins Gallaudet'
[248/1400] id=2c474544cb4543688efecf4d0b9393c4 em=1.0 f1=1.00 pred='Dred Scott'
[249/1400] id=1efda6b3a760493ea90f2a7b5b8bcd4f em=1.0 f1=1.00 pred='The Office'
[250/1400] id=bc0f71c7bb4c42a885543244834267fc em=1.0 f1=1.00 pred='Chastity'
[251/1400] id=d29e5124d9364d75a7a6a2973a616c64 em=1.0 f1=1.00 pred='Leonardo da Vinci'
[252/1400] id=7a83242b5eda4715a578d5eece0712f4 em=1.0 f1=1.00 pred='marriage'
[253/1400] id=b167ddfc10bd436aae34f2bab13405ec em=1.0 f1=1.00 pred='Tony Dungy'
[254/1400] id=ad9d13ba642c4ede85353eafe933faaf em=1.0 f1=1.00 pred='Sapphire'
[255/1400] id=1aa44299fa434210937bbaa1eaf40f5e em=0.0 f1=0.67 pred='Anthony Fokker'
[256/1400] id=fcba0d52a55b4d9587eb8442ccf98928 em=1.0 f1=1.00 pred='Crocodile'
[257/1400] id=88243e966a8b44fc96c8fa1d8ee78ff6 em=0.0 f1=0.67 pred='National forests'
[258/1400] id=0878e886ed474c4197ae7b01383a73e9 em=0.0 f1=0.00 pred='Lilith'
[259/1400] id=f41714b7a8db4810ba3ddbcfdeaec344 em=0.0 f1=0.00 pred='Chioggia'
[260/1400] id=9389182a49724617b0f54be9213d0d33 em=0.0 f1=0.00 pred='Counties'
[261/1400] id=25e3396cd2404cddb1f5a01c7e6e7553 em=1.0 f1=1.00 pred='Kazakhstan'
[262/1400] id=b94c8c938de9476f89661dc6d95d1c86 em=0.0 f1=0.25 pred='Academy Award for Best Song'
[263/1400] id=01723c627507432bbc50d7cadef3b4db em=0.0 f1=0.80 pred='Romeo and Juliet'
[264/1400] id=388c301702f24869a50b31b3ea08ab43 em=1.0 f1=1.00 pred='the Vikings'
[265/1400] id=27a3d2219dd647dcb8832d1960346ce9 em=1.0 f1=1.00 pred='Montague'
[266/1400] id=80b349e3d51f4adabec627ed444b90e7 em=1.0 f1=1.00 pred='Bullseye'
[267/1400] id=6d30545d099e4ccc89f1ce4b98c6ff24 em=0.0 f1=0.80 pred='King Charles II'
[268/1400] id=c8f835ba31104b738f8becbcc79adec2 em=1.0 f1=1.00 pred='Evita'
[269/1400] id=aee570424f86443691e340cc80dc9063 em=1.0 f1=1.00 pred='Stand by Me'
[270/1400] id=008613ff6fba4f7a98143b17b9da7d2d em=0.0 f1=0.75 pred='The Island of Doctor Moreau'
[271/1400] id=b0ea89ee6dbf4d19a264528fb0b5d2ed em=1.0 f1=1.00 pred='Arrested Development'
[272/1400] id=ba3d5db296944affafda05f4d628c2de em=1.0 f1=1.00 pred='pond'
[273/1400] id=832a75b67b3448818c5f87a733494d9f em=1.0 f1=1.00 pred='Sistine Chapel'
[274/1400] id=9e1e036499dc4e0eaa569116c6abb0ae em=1.0 f1=1.00 pred='Little Women'
[275/1400] id=ba6a74f9cd8f4a079cca008178933650 em=1.0 f1=1.00 pred='Muqtada al-Sadr'
[276/1400] id=54d99ac9fa03443e99f77d6f9f208713 em=0.0 f1=0.67 pred='Cables'
[277/1400] id=7dd589a7e5da4b4cb383f057781e1889 em=1.0 f1=1.00 pred='New Orleans'
[278/1400] id=9430ec5597fd47a6a90f9db7da75bbae em=0.0 f1=0.50 pred='Trans fat'
[279/1400] id=ee8fc58e226e4b9582ed9dc2efaf0e6f em=0.0 f1=0.67 pred='water fluoridation'
[280/1400] id=7adeaa03d9384dcc8aff7919d46bb858 em=1.0 f1=1.00 pred='Cancun'
[281/1400] id=a42d556eb5d04305a6e25c875f8f0746 em=1.0 f1=1.00 pred='Idi Amin'
[282/1400] id=6f1d2a3ec3df471987e4b3c6492c1880 em=0.0 f1=0.00 pred='Mount Rushmore'
[283/1400] id=cc73517365b94e149cbfc12550b3ae88 em=1.0 f1=1.00 pred='medulla oblongata'
[284/1400] id=5ad93ba20a924f1fa75167c1b59cd102 em=0.0 f1=0.67 pred='Mekong River'
[285/1400] id=ff142be20d6e44aabecda244878d8406 em=1.0 f1=1.00 pred='Borgia'
[286/1400] id=9cce6a8e69214436bdb7a923d2cfa82a em=0.0 f1=0.00 pred='Changzheng'
[287/1400] id=aa8d1a9cc4c24910a729bfddfa1ad4e8 em=1.0 f1=1.00 pred='the pale'
[288/1400] id=a716cc3098294cbd9a6e00529a414b41 em=0.0 f1=0.67 pred='Doom 3'
[289/1400] id=4e3710d2b4264c54b0824f4961715d63 em=1.0 f1=1.00 pred='Prague'
[290/1400] id=2f8054d5ed06439e8deb919c9c2449c6 em=0.0 f1=0.67 pred='Nikita Khrushchev'
[291/1400] id=fa8f20b61bda46b98977383e6005869e em=1.0 f1=1.00 pred='Cincinnati'
[292/1400] id=7eac903ab82446cbbd0e55db99585f64 em=1.0 f1=1.00 pred='Aerosol'
[293/1400] id=77d63f024ef7435daef2003a2df801a3 em=1.0 f1=1.00 pred='15'
[294/1400] id=ca692ac8c8d1446c90ed8a4c9d44dde1 em=0.0 f1=0.00 pred='Wallace Worsley'
[295/1400] id=45356ddb6e944e30a15526922f123ed1 em=1.0 f1=1.00 pred='Death Row Records'
[296/1400] id=39fe55b58957486a9531449bc6a9b0e1 em=1.0 f1=1.00 pred='summer session'
[297/1400] id=76886f1a93914e37bb30e1ca06f555ae em=0.0 f1=0.67 pred='Bret Maverick'
[298/1400] id=5ae6225b818a41fc8e812560874921fb em=1.0 f1=1.00 pred='Robinson Crusoe'
[299/1400] id=3fd44eac02b5430ab355a5aa5e2b7f66 em=1.0 f1=1.00 pred='the corner office'
[300/1400] id=174f39c3019f42c29c17c2b62b6c9e46 em=1.0 f1=1.00 pred='Francis Marion'
[301/1400] id=b1321e17fa1f436292adc0ea256bd280 em=1.0 f1=1.00 pred='Anna Karenina'
[302/1400] id=902560ea8e394e839d513351a0f9c2a9 em=1.0 f1=1.00 pred='Crimean War'
[303/1400] id=943c20e85f324584b597e50e0b7d2d05 em=1.0 f1=1.00 pred='Man Ray'
[304/1400] id=5218ad458ee3405eb9c00a67cbc1e17d em=1.0 f1=1.00 pred='Belize'
[305/1400] id=add3ee5dd6454eac91efd33a2a7a6163 em=1.0 f1=1.00 pred='PDA'
[306/1400] id=f03134f8cfb74c6b9d883b69a587c101 em=0.0 f1=0.00 pred='Kirsten Gillibrand'
[307/1400] id=b315d931dfb2440e92cf1f9e063be50c em=1.0 f1=1.00 pred='Absinthe'
[308/1400] id=af5ec5e74b2f4a8685bb7f25fbcbb9b0 em=1.0 f1=1.00 pred='USS Maine'
[309/1400] id=7e92bf0c1c234cc1a162cefe55db3214 em=0.0 f1=0.00 pred='iambic pentameter'
[310/1400] id=2a24afd4f4df46ce9481cbc8be5b55c8 em=0.0 f1=0.80 pred='Romulus and Remus'
[311/1400] id=30866cba68bb479d8d5a3017dbf63095 em=1.0 f1=1.00 pred='Joe Frazier'
[312/1400] id=7773b38bf1b846818f4bba066f7b5d07 em=1.0 f1=1.00 pred='Death'
[313/1400] id=e4a6d8e2126b4fb6b767debdc234a86d em=1.0 f1=1.00 pred='Los Angeles'
[314/1400] id=261ebacdeb1f4a0ea230f79306532be5 em=1.0 f1=1.00 pred='Khartoum'
[315/1400] id=dbd0d9898ec74cc6a5d38835a9c3f6e1 em=1.0 f1=1.00 pred='Kung Fu Panda'
[316/1400] id=100e71fde3674af69110d1d286af2550 em=1.0 f1=1.00 pred='Neptune'
[317/1400] id=2ae7fad172b94cf9bf4cb7eaa3a85ee5 em=1.0 f1=1.00 pred='Green Arrow'
[318/1400] id=61a6fdc4ec9c4834a833c8b6ed438b61 em=1.0 f1=1.00 pred='Tower of London'
[319/1400] id=7622138eea5d4073a7e5a6acc5beebed em=1.0 f1=1.00 pred='Tinactin'
[320/1400] id=9a9ed6bd43684cf6a74f78a8e4aa8431 em=1.0 f1=1.00 pred='Rear Window'
[321/1400] id=43cd4f4251f04af1abb6e1977eee6ddc em=0.0 f1=0.00 pred='A ring'
[322/1400] id=1c7f885133ce4b6eb2af794a2d430d2d em=1.0 f1=1.00 pred='House of Burgesses'
[323/1400] id=26dda87f8ce44abe9b89e780c0ed4007 em=0.0 f1=0.50 pred='Nurse bag'
[324/1400] id=45ebb1b3c46140d09682cb291cd38d6f em=1.0 f1=1.00 pred='Napoleon'
[325/1400] id=28ddc28a1e224b9aa3be88052db91e2b em=0.0 f1=0.00 pred='Cayenne'
[326/1400] id=1212b9bbd8db40c989cf30794f638eb5 em=1.0 f1=1.00 pred='one billion'
[327/1400] id=2eb12073b96b4fcab7db4f7c0f183627 em=1.0 f1=1.00 pred='beer'
[328/1400] id=9ae85053dd2949a9ab57a8963eef3b02 em=1.0 f1=1.00 pred='parts per million'
[329/1400] id=42b2368515d94cd4bb295e157ed3cbe6 em=1.0 f1=1.00 pred='Panama'
[330/1400] id=f8d0e0ecdc7c4420b7f1f513e18429a6 em=1.0 f1=1.00 pred='sign the Declaration of Independence'
[331/1400] id=85d92d7d7410408780bc11c741de1676 em=1.0 f1=1.00 pred='carbonite'
[332/1400] id=a0ada661569e4ab2a15db06560ec7b45 em=1.0 f1=1.00 pred='Labor Day'
[333/1400] id=e9433b099ee14acf96e5cd7422e6c577 em=1.0 f1=1.00 pred='rodents'
[334/1400] id=d8b9fa1f5cc2426ba74f3bb683d39064 em=1.0 f1=1.00 pred='Director'
[335/1400] id=f40a291848ff41c5adba099e4987078d em=1.0 f1=1.00 pred='Swiss Army knife'
[336/1400] id=229a49365ff4462d8bc951ddb68ff1f1 em=0.0 f1=0.40 pred='Contemporary'
[337/1400] id=b28bf588eed3447a8c9fdbf57dc2fc1f em=1.0 f1=1.00 pred='Gulf of Mexico'
[338/1400] id=01eac94b21a24dcead6f9c3efec2a58d em=1.0 f1=1.00 pred='Stephen King'
[339/1400] id=1bca1e13fe4c455b888d98f248eed26d em=1.0 f1=1.00 pred='Hamlet'
[340/1400] id=47ea5e3fbfea4969a8e4d6b8167daf7e em=0.0 f1=0.67 pred='Claddagh ring'
[341/1400] id=e29870210b084e41a6e65fff44bd5f75 em=1.0 f1=1.00 pred='Facebook'
[342/1400] id=e30ef51251a847138f4826c6146e982d em=1.0 f1=1.00 pred='Scarlett Johansson'
[343/1400] id=46b71fad5fff409cb48a1d3493bbb2e5 em=1.0 f1=1.00 pred='Spring'
[344/1400] id=43eaa27f886b4573959d36b086d83631 em=1.0 f1=1.00 pred='Gone with the Wind'
[345/1400] id=857ad42459c14613b984c39ca68430dd em=1.0 f1=1.00 pred='Pilate'
[346/1400] id=8f427af6ba8d4055947300f8781815d0 em=1.0 f1=1.00 pred='Bernard Malamud'
[347/1400] id=aa790318578147efac1e0e1ab82d6368 em=1.0 f1=1.00 pred='Peter Ustinov'
[348/1400] id=28d672eed13241539963231a521343ee em=1.0 f1=1.00 pred='Usury'
[349/1400] id=8ae5b2a6fbe744929bf4f15b5af9d5f5 em=1.0 f1=1.00 pred='South Korea'
[350/1400] id=ccd7fad85ef94625bb2b2cd1dcbbc9c9 em=1.0 f1=1.00 pred='Whatchamacallit'
[351/1400] id=16ae8a29bc944d4e970f0d89ba5b2dcb em=1.0 f1=1.00 pred='fly around the world'
[352/1400] id=8512ed5d054544cfaec47e568a5e099b em=1.0 f1=1.00 pred='John Donne'
[353/1400] id=1f9b96014e71418cbc0ba20a6422f91e em=1.0 f1=1.00 pred='the Sky'
[354/1400] id=03cda26c9db54f219e91f5901e725dda em=1.0 f1=1.00 pred='Islam'
[355/1400] id=21a0bd79a801484098879d6dce609641 em=1.0 f1=1.00 pred='KAISER'
[356/1400] id=6c71cf873c0142b48c5fe720db98eba0 em=1.0 f1=1.00 pred='Scene It?'
[357/1400] id=3ddbc52a1228479bba3296be9a652bb6 em=1.0 f1=1.00 pred='Beloved'
[358/1400] id=2f0b7b6952ee4110ac5fb9f91c318650 em=1.0 f1=1.00 pred='ballot'
[359/1400] id=63d0331e94bb40fbb212adc3d586480c em=1.0 f1=1.00 pred='Latin'
[360/1400] id=e3bc691db8544b53a257438e4076e07e em=1.0 f1=1.00 pred='Ken Russell'
[361/1400] id=61e95a62a8104bd49be3c8bde39d4f5e em=1.0 f1=1.00 pred='War of the Worlds'
[362/1400] id=dccec34c17324c79a7a24c6f55edc4d5 em=1.0 f1=1.00 pred='Vijay Singh'
[363/1400] id=bd6bb9b794784cbea8c7ac17e19d119d em=1.0 f1=1.00 pred='Timex'
[364/1400] id=1af0be8661d64af09e1065d652312aae em=1.0 f1=1.00 pred='Boston Red Sox'
[365/1400] id=5b3065ec8dfd4136a45bb6842419130d em=1.0 f1=1.00 pred='The Simple Life'
[366/1400] id=b4efa8b30168419cbb1e460342c15062 em=1.0 f1=1.00 pred='Evaporation'
[367/1400] id=b4c605da009b4af1ab94dce00ffaf73c em=1.0 f1=1.00 pred='Ernie Els'
[368/1400] id=1b623543bd15458d80e07eae21850457 em=1.0 f1=1.00 pred='Materials'
[369/1400] id=4735c55c7d9f45688c00b6f18aaf9071 em=1.0 f1=1.00 pred='Russia'
[370/1400] id=414e2f13970c40c4916add89f9cfa235 em=1.0 f1=1.00 pred='Chicago'
[371/1400] id=1d4d71abca5c48b4a6f3722b09da8643 em=1.0 f1=1.00 pred='Seattle'
[372/1400] id=a95dda91cd1f47ab8473faf8c6d370b5 em=0.0 f1=0.67 pred='Marcel Duchamp'
[373/1400] id=d18899bc5ff04f099b43a18bf4feb87f em=1.0 f1=1.00 pred='spurs'
[374/1400] id=006813695f494d42b49438c8a0057f73 em=0.0 f1=0.00 pred='Hoboken'
[375/1400] id=295f574b0bd6480eaa67181d0f684dc5 em=0.0 f1=0.00 pred='Sol'
[376/1400] id=1c03c07e617e4f92981e569fce970642 em=1.0 f1=1.00 pred='George W. Bush'
[377/1400] id=ba57a86593cb4c0781e2b39cc5a4405e em=1.0 f1=1.00 pred='E. coli'
[378/1400] id=6d65e0f818d64a24a17d4ba6408d58ae em=0.0 f1=0.00 pred="Stayin' Alive"
[379/1400] id=4aac711a9ae143968a32b462772a4830 em=1.0 f1=1.00 pred='Oprah Winfrey'
[380/1400] id=43f44abdf90b4a2ba258141dedb67a06 em=0.0 f1=0.29 pred='Son of Julius Caesar and Cleopatra'
[381/1400] id=83702fa1bfbb40eb894c505260c23913 em=0.0 f1=0.80 pred='Queen Elizabeth II'
[382/1400] id=c63517e2f3b543afb9157c6e926f3a22 em=1.0 f1=1.00 pred='Adolf Hitler'
[383/1400] id=c8535d02c6354d5caf99f91107e9cb0b em=1.0 f1=1.00 pred='Dry ice'
[384/1400] id=b8eb90ad5e1f4c93abffc3452a756bfe em=0.0 f1=0.67 pred='Communist Party of China'
[385/1400] id=eefa42e9cdbd4619998877f1e95eaf52 em=1.0 f1=1.00 pred='Sleeping Beauty'
[386/1400] id=b5fdffb7cf664532a0de7444ad3bed4f em=1.0 f1=1.00 pred='Tears for Fears'
[387/1400] id=e2e5aaa18d614e0094723f4d57fa1086 em=1.0 f1=1.00 pred='Zimbabwe'
[388/1400] id=09610f7c19cd4da480f84cd47fad368c em=1.0 f1=1.00 pred='Machete'
[389/1400] id=e4615445187d4054bd1751442077dfde em=1.0 f1=1.00 pred='"Lucky" Luciano'
[390/1400] id=c80e413e7a1e4a02ba048cc5246859be em=1.0 f1=1.00 pred='Napoleon'
[391/1400] id=3b9b31a7fe0849a18e4d75d6e1d7a915 em=1.0 f1=1.00 pred='hiccups'
[392/1400] id=2d87e6cb50ab4c3ba5df1c11245e5991 em=1.0 f1=1.00 pred='Charlotte Church'
[393/1400] id=e50d5eee9eac47dd819070f8c206725a em=0.0 f1=0.67 pred='fruit tree'
[394/1400] id=d3f8ca7e8c444f63acc92433810f5209 em=0.0 f1=0.00 pred='stanch'
[395/1400] id=8d269142648140508ab96ac735141a80 em=1.0 f1=1.00 pred='Horn'
[396/1400] id=b5068f901df64f1f9d531cd0b22c5072 em=0.0 f1=0.00 pred='Mexico'
[397/1400] id=381cee68ee3146b3bfdda9b2db468a21 em=0.0 f1=0.00 pred='medical coverage'
[398/1400] id=7917a5e7448447688f273dd89c4b289e em=1.0 f1=1.00 pred='Water'
[399/1400] id=b7258e5a3a2440a6bce0a2f255e1cbcd em=1.0 f1=1.00 pred='Eric Knight'
[400/1400] id=f024764eb6f44680852b89af7af64fbc em=1.0 f1=1.00 pred='Creative Writing'
[401/1400] id=7085fa663e24471494b27184d9729b3b em=1.0 f1=1.00 pred='Catch-22'
[402/1400] id=66f76ae1211e41569d562f37fb2b19de em=1.0 f1=1.00 pred='Mona Lisa'
[403/1400] id=71c2617a69f845edacd806df4f07f3f1 em=1.0 f1=1.00 pred='Violeta Chamorro'
[404/1400] id=dffd548d127c4ccfa56872c36e79deea em=0.0 f1=0.50 pred="Mrs. Butterworth's"
[405/1400] id=fbea4c11417a4361adeb09ad77c5076b em=0.0 f1=0.00 pred='1st kyu'
[406/1400] id=99c441596f1c40f398aff4e4451f428c em=1.0 f1=1.00 pred='Fog'
[407/1400] id=667a5aaeb91c4ca79152cfe70aa132c4 em=1.0 f1=1.00 pred='The Louvre'
[408/1400] id=015cbdf5c4b4412caf81e8b0fa8d0d2d em=1.0 f1=1.00 pred='Fiddler on the Roof'
[409/1400] id=d313db2759024237bbc3e0263f823646 em=1.0 f1=1.00 pred='Mexico'
[410/1400] id=bbf82dbaa08b4b8587eb3872b8f7a876 em=1.0 f1=1.00 pred='Ham'
[411/1400] id=4816238548e944ecb6cbace1042fc0c4 em=1.0 f1=1.00 pred='Jonathan Demme'
[412/1400] id=eebc59492b3d4da3a99f616eee08f4a9 em=1.0 f1=1.00 pred='Pelvis'
[413/1400] id=a19dc82cbad1465baacf847c78322862 em=1.0 f1=1.00 pred='8'
[414/1400] id=c5a87bda6ee74fea8bc0a238af242296 em=1.0 f1=1.00 pred='Inuit'
[415/1400] id=916d6c683689416f920c33fbada5e93f em=1.0 f1=1.00 pred='Coins'
[416/1400] id=1c0986d2f8b34d71a803209e1c1af4b2 em=1.0 f1=1.00 pred='Fi'
[417/1400] id=483466929e33400bbfaf264af8db19cf em=1.0 f1=1.00 pred='first base'
[418/1400] id=50ba2a5324884e88a4011d8772de0fd0 em=1.0 f1=1.00 pred='California'
[419/1400] id=a527ced709fa4ddc9bb894a740ce5b8c em=1.0 f1=1.00 pred='honor'
[420/1400] id=516e0f59e3e7453789815ebab013bda0 em=0.0 f1=0.50 pred='Jet streams'
[421/1400] id=f4d1c6d45e0f4f4e8e0403bc7ef6b104 em=1.0 f1=1.00 pred='pink'
[422/1400] id=794123ece5e24a198b589321f65b401f em=0.0 f1=0.67 pred='Jean Lafitte'
[423/1400] id=7ca14fe0dfee4063a1298c77da63f7a9 em=0.0 f1=0.80 pred='Chinese Communist Party'
[424/1400] id=f7d3654582cd4886906bbeb267d4f3a7 em=1.0 f1=1.00 pred='1927'
[425/1400] id=05bb7fe82bee447fb0c2f7886686c5e8 em=1.0 f1=1.00 pred='Sweden'
[426/1400] id=d09e46053b20406e882ae6d1597069be em=1.0 f1=1.00 pred='Tel Aviv'
[427/1400] id=207951638c3e41b8b33768284cca03d7 em=1.0 f1=1.00 pred='Strawberry Fields'
[428/1400] id=65c309bf461c46e4885d28d56dd9e4f7 em=0.0 f1=0.67 pred='Mikhail Gorbachev'
[429/1400] id=bc382a25e8da4f51a5a9cba127614b4d em=1.0 f1=1.00 pred='Rapa Nui'
[430/1400] id=2c0fe5eea1484a689b357d345abba854 em=1.0 f1=1.00 pred='Richard III'
[431/1400] id=9935b8b08a8e4f0d9ed37a330a6cf0fe em=1.0 f1=1.00 pred='Dock'
[432/1400] id=a549a72dcb53436faa67c8b681b85735 em=1.0 f1=1.00 pred='Beethoven'
[433/1400] id=2845343a14194de2bc49a207eb280d9d em=1.0 f1=1.00 pred='Era'
[434/1400] id=e5b3512a238c4b12a749ab93a8845fbb em=1.0 f1=1.00 pred='Hatch'
[435/1400] id=f5bf85a20abb40d3b781b55fc5ce9f66 em=1.0 f1=1.00 pred='Sophocles'
[436/1400] id=d392df665e19486594f19652ce61a96b em=1.0 f1=1.00 pred='The Last of the Mohicans'
[437/1400] id=57a9c41a87254962a153f091182dc1c0 em=1.0 f1=1.00 pred='Greenland'
[438/1400] id=3a44d3746b9b447c814217d21fbef168 em=1.0 f1=1.00 pred='Harrison Ford'
[439/1400] id=a087419e91c74230abfb085080ae9c19 em=1.0 f1=1.00 pred='Thor Heyerdahl'
[440/1400] id=c03c5949ce35458d871675a72436337f em=1.0 f1=1.00 pred='Linchpin'
[441/1400] id=1afc488880414f70a478f861e1bb181b em=1.0 f1=1.00 pred='Valkyries'
[442/1400] id=696aa36338a346d4929808d4679b19d4 em=1.0 f1=1.00 pred='Washington'
[443/1400] id=2cf19e5998f946c084069a90b86cad3b em=1.0 f1=1.00 pred='Green Zone'
[444/1400] id=d047dfa72f104317a4c1c0738089f3ff em=1.0 f1=1.00 pred='junkyard dog'
[445/1400] id=12dec4196bb143a1aefa79d446a748f6 em=1.0 f1=1.00 pred='Alicia Keys'
[446/1400] id=e76f303b7fb641a2b5dec35240758f37 em=0.0 f1=0.67 pred='Jean-Paul Sartre'
[447/1400] id=aaf7b5f9f4fb4dbea1d57e8aa6cfe228 em=0.0 f1=0.80 pred='Family tree'
[448/1400] id=33410f4502a141ba98c15b3972a2e11a em=0.0 f1=0.00 pred='a cure or solution for any illness or problem'
[449/1400] id=66bdd306b3794732980b97a5dda113cc em=0.0 f1=0.67 pred='Harvard University'
[450/1400] id=218c4e7c031049cf8e40caa3ef4d03a5 em=1.0 f1=1.00 pred='Coen'
[451/1400] id=7a6a2d268f7a4f43936e9d63959b50f4 em=1.0 f1=1.00 pred='The Cincinnati Kid'
[452/1400] id=96e5b8ae45b74e3b84ea0dcb32f6e597 em=1.0 f1=1.00 pred='Johnny Appleseed'
[453/1400] id=eaa61dddceac4f74a015cd031e4de67a em=1.0 f1=1.00 pred='Eva Peron'
[454/1400] id=3c8e14348a394c04943897987ca68f8c em=1.0 f1=1.00 pred='William Jennings Bryan'
[455/1400] id=6a93924d3a9342568f4e36545ac83e72 em=1.0 f1=1.00 pred='Rudyard Kipling'
[456/1400] id=c93cf43111fb474ba0320e103f2aa01b em=1.0 f1=1.00 pred='Botswana'
[457/1400] id=9e9fc47587634a1d9b023a391fcae693 em=1.0 f1=1.00 pred='son'
[458/1400] id=de14df3fb3f54ab88707902d3c120396 em=1.0 f1=1.00 pred='Rachel Carson'
[459/1400] id=9cf670af0d5547f1af4ba354a41c7065 em=1.0 f1=1.00 pred='Alien'
[460/1400] id=b339d5fef74349958e739a5f3d7adbd9 em=0.0 f1=0.67 pred='standing committees'
[461/1400] id=74c896e331cf459a91549812a39057cd em=1.0 f1=1.00 pred='the Ohio'
[462/1400] id=043508ba85cd4a0eb37a6d3e5d4a5d14 em=1.0 f1=1.00 pred='Molly'
[463/1400] id=ebd09c008e884480b7162148fe0d1cf0 em=1.0 f1=1.00 pred='The Mamas & The Papas'
[464/1400] id=7326e94d6d5a4e0a8d2017fbd1f333c6 em=0.0 f1=0.67 pred='Manuel Noriega'
[465/1400] id=629697cab0d844a985ed3c1df7f39678 em=1.0 f1=1.00 pred='John Kerry'
[466/1400] id=4605bddda00745439785211508887438 em=1.0 f1=1.00 pred='Napalm'
[467/1400] id=cc319ec003cb41978b34756b47b9780c em=0.0 f1=0.67 pred='Ernest Hemingway'
[468/1400] id=f26e7f72328a4556a9fb5655e7770e28 em=1.0 f1=1.00 pred='Sam Shepard'
[469/1400] id=059c6343bd5840f4b1b2325ff37ed4a0 em=1.0 f1=1.00 pred='William'
[470/1400] id=e5fa40d54ba04726b5a9883c5af26081 em=1.0 f1=1.00 pred='Messiah'
[471/1400] id=c9416e5462f245f19697e82bcb9f0b02 em=1.0 f1=1.00 pred="Singin' in the Rain"
[472/1400] id=4a819c8efa8145aca95fd7f10edf2a14 em=1.0 f1=1.00 pred='crush'
[473/1400] id=6cf5711da68d491e9595988d01824176 em=0.0 f1=0.00 pred='Lincoln cent'
[474/1400] id=3d6d34d50ff1405d9bba93c58ec512cf em=1.0 f1=1.00 pred='Suez Canal'
[475/1400] id=aaa7234299e2425c8b8242bb3d3dcaeb em=0.0 f1=0.00 pred='Trent Reznor'
[476/1400] id=f3b7ae7f137f4b5291ec44919a269874 em=1.0 f1=1.00 pred='hearse'
[477/1400] id=292d47a397f748a0a35a81618994b95b em=1.0 f1=1.00 pred='The Little Foxes'
[478/1400] id=255522dc506241a18970f20c859f4431 em=1.0 f1=1.00 pred='Seminary'
[479/1400] id=a108b3fd35a4478490e0d86e65fda61f em=1.0 f1=1.00 pred='Gatsby'
[480/1400] id=3deaa9f97883456d9904db5281da8ddd em=1.0 f1=1.00 pred='maple leaf'
[481/1400] id=70006ef9fefc4702911bfd3e8c31ebb9 em=1.0 f1=1.00 pred='Jem'
[482/1400] id=5bcb91f5fee34bec8df82e051e6eee87 em=0.0 f1=0.50 pred='Skimmed milk'
[483/1400] id=0cbceee80bee448c8c5d40f39d12d434 em=0.0 f1=0.50 pred="Catherine de' Medici"
[484/1400] id=145a9ce734fd4d328a4be6f9deec64b9 em=1.0 f1=1.00 pred='Decoration Day'
[485/1400] id=7cc0e48d6b9a4e5286b7bf50c81e8d9b em=1.0 f1=1.00 pred='Brutus'
[486/1400] id=2e3b022cdde049439745ddea0bb64dd7 em=1.0 f1=1.00 pred='Nanjing'
[487/1400] id=e1db7097131542138d2b1cfc8012b5d6 em=1.0 f1=1.00 pred='Couscous'
[488/1400] id=2b6038b0f9a14a089f3df83666f3a7e0 em=0.0 f1=0.33 pred='Hate Crime Statistics Act'
[489/1400] id=8b10c96b05fe4a969f451ca45dea9e67 em=0.0 f1=0.50 pred='Spheres'
[490/1400] id=3addd7957eac46eca1cada2999b225de em=1.0 f1=1.00 pred='Joy Division'
[491/1400] id=bb2fcca2557e4a9fb39b466710542338 em=1.0 f1=1.00 pred='Nicky Hilton'
[492/1400] id=672c19cc7c9046caa525b2eb9222b63c em=1.0 f1=1.00 pred='Willy Loman'
[493/1400] id=2402a4574a0944ccb31b2fa5af4d0b3e em=1.0 f1=1.00 pred='paper tickets'
[494/1400] id=4108ae63026e4db5b233293c88731044 em=1.0 f1=1.00 pred='Mississippi'
[495/1400] id=4fa7c2c886ce4f9790d8a402c9694dcd em=1.0 f1=1.00 pred='Intel'
[496/1400] id=8fdaafb1da1d49f0abc9772185c545d4 em=1.0 f1=1.00 pred='Malaria'
[497/1400] id=c062204c69b94a59b3fb9026b1490616 em=1.0 f1=1.00 pred='Nogales'
[498/1400] id=c0649d456e0840769b8447d227e1c105 em=1.0 f1=1.00 pred='California'
[499/1400] id=9addc8cd4aaa4ec995e7d66e314640a4 em=1.0 f1=1.00 pred='Bob Woodward'
[500/1400] id=68b20a57f30d4561b7f552c22be69343 em=0.0 f1=0.00 pred='Hispanic'
[501/1400] id=52c26a3da62741cdba8754a3d78d864a em=1.0 f1=1.00 pred='Hearing'
[502/1400] id=82bfb03bcd88419eb44235581240a2d5 em=1.0 f1=1.00 pred='Champion'
[503/1400] id=77615b944ac746b5b2e019713abe5eb5 em=1.0 f1=1.00 pred='Chinook'
[504/1400] id=09d5b7de3015405c83f27e785ff9e834 em=1.0 f1=1.00 pred='Pastrami'
[505/1400] id=e72e6a8ac4e14372991a131bd3aec1de em=1.0 f1=1.00 pred='Klondike'
[506/1400] id=e521910199f74b7192684bea87fa32d8 em=1.0 f1=1.00 pred='Philosophy'
[507/1400] id=3be48ee90f3d4a769cd4213a5fd10ca9 em=1.0 f1=1.00 pred='Sunset Strip'
[508/1400] id=a8a3a1697d9d4157b3f1d41bd510a70d em=0.0 f1=0.67 pred='12 pounds'
[509/1400] id=5e9c599e2f874b5baac79b49174f52ca em=1.0 f1=1.00 pred='IBM'
[510/1400] id=1ef613f6c25b4d43b8eb623746066663 em=0.0 f1=0.67 pred='rising sun'
[511/1400] id=23a6c1fda8fc4c5fbb3b7740bee62ead em=0.0 f1=0.80 pred='Mau Mau'
[512/1400] id=3cc2460d92a54e71ac0fc71b973918f4 em=1.0 f1=1.00 pred='monkey'
[513/1400] id=32f2ca6f0f214d8a9bda87a315d57b91 em=1.0 f1=1.00 pred='John Ford'
[514/1400] id=8a48a3e0e4d543fc90493445b3b50f5d em=1.0 f1=1.00 pred='A Clockwork Orange'
[515/1400] id=1e94d21f33884494ab304834955241ea em=0.0 f1=0.67 pred='Hudson River'
[516/1400] id=5b85faf48c5445c795c56d06d072af59 em=1.0 f1=1.00 pred='Iwo Jima'
[517/1400] id=918c7ca9502243d6b410aab5e3258bfb em=1.0 f1=1.00 pred='Paul McCartney'
[518/1400] id=53dabd2e810a44e09bf78a3d14a41811 em=1.0 f1=1.00 pred='Pyrenees'
[519/1400] id=593f7e68ece24d0d93e4743547f84227 em=1.0 f1=1.00 pred='St. Louis'
[520/1400] id=aa7ef353a8c04cb18d00dd74ea5dc4f4 em=1.0 f1=1.00 pred='Horton Hears a Who!'
[521/1400] id=40a3c8c8f1f4455fa159207cc1231e59 em=1.0 f1=1.00 pred='movies'
[522/1400] id=857b8456009640359d2c10e4d19abd19 em=1.0 f1=1.00 pred='Cleopatra'
[523/1400] id=10645748088b4ab0a421f05e992aee53 em=0.0 f1=0.00 pred='Viperidae'
[524/1400] id=f6180c31a1184b27a7ec86663ff0eaca em=1.0 f1=1.00 pred='The Secret Garden'
[525/1400] id=af49be3e777748e194c3b811d02bd69b em=0.0 f1=0.75 pred='Old Man of the Mountain'
[526/1400] id=8b0d46cd4a314123843ca2e8769d9b51 em=1.0 f1=1.00 pred='Brave New World'
[527/1400] id=fe759df9dc274228a80ac6eb905c2748 em=0.0 f1=0.67 pred='Relief print'
[528/1400] id=cbbe39cda03e4f958df5f7f10b458c70 em=1.0 f1=1.00 pred='Blazing Saddles'
[529/1400] id=39141e8c2276481cbec3aeec69da73a8 em=1.0 f1=1.00 pred='Bones'
[530/1400] id=8d372d89ff964c5a81828bebea3b72b7 em=1.0 f1=1.00 pred='Sagittarius'
[531/1400] id=4ed4090ba9cd449a95f74e9d19aff030 em=1.0 f1=1.00 pred='The Rime of the Ancient Mariner'
[532/1400] id=8b649492cc804c6badfd043b2122ccba em=1.0 f1=1.00 pred='Henri Matisse'
[533/1400] id=d30dbfb5a24b4a848df9d79b5775f6ef em=1.0 f1=1.00 pred='topaz'
[534/1400] id=db51999e46d34d20ac3b6cc07de3ea48 em=0.0 f1=0.67 pred='Anne Shirley'
[535/1400] id=b55ad2773d2b4de9971e7760cc36b8d0 em=1.0 f1=1.00 pred='Hugh Laurie'
[536/1400] id=42ddac486eed46c9883ba0550cf719b9 em=0.0 f1=0.00 pred='Henrik Ibsen'
[537/1400] id=dedfb6cc72b44d74a2adebfd9bbbdf8e em=0.0 f1=0.00 pred='Dog breeds'
[538/1400] id=c9cf94088d08447195c9ec8ee3e669f5 em=0.0 f1=0.80 pred='Skull and crossbones'
[539/1400] id=e6e6fdb13a5d482db07eef5e5c02d4f0 em=0.0 f1=0.67 pred='American football'
[540/1400] id=7f67766516a34b9b8cf9480ae031e7c0 em=1.0 f1=1.00 pred='Claudius'
[541/1400] id=0036f2df628845669edefeb70bfe672d em=1.0 f1=1.00 pred='Terrence McNally'
[542/1400] id=b24e907a56894606aa1a65db91d5a0f0 em=1.0 f1=1.00 pred='Minnesota'
[543/1400] id=1b7abcf2e5334a52a8a6d454a9a7a422 em=1.0 f1=1.00 pred='NATO'
[544/1400] id=e3c89907500f4580ad3bcdb4062661e5 em=1.0 f1=1.00 pred='Theism'
[545/1400] id=cadd1ac7cfc54dea8196aa83ea5f8a77 em=1.0 f1=1.00 pred='Joel Osteen'
[546/1400] id=1aab59c3467d486484e0a964728d6fe2 em=1.0 f1=1.00 pred='rip-off'
[547/1400] id=df1005681f55423a8bfca735b00db270 em=1.0 f1=1.00 pred='Calypso'
[548/1400] id=e921b02da68c4f3d86a7834ef62a909d em=0.0 f1=0.00 pred='Movies'
[549/1400] id=268bdc9af5244092ac50e46d0e58da14 em=1.0 f1=1.00 pred='Harp'
[550/1400] id=d025cc670b164233b35937e971cbe2b9 em=1.0 f1=1.00 pred='Violin'
[551/1400] id=dcd3432c065c42e6aa0889fe00ce1551 em=1.0 f1=1.00 pred='Agamemnon'
[552/1400] id=25c3b674680241ec8ece39507edecf5e em=1.0 f1=1.00 pred='Jackie Collins'
[553/1400] id=c5f9976c9718450bb1b7f75387b0460f em=1.0 f1=1.00 pred='Quasars'
[554/1400] id=30befaa3a1844891a4fe5ea61ac440a0 em=1.0 f1=1.00 pred='bitters'
[555/1400] id=ba4b4222d75e4579a1222714226d3159 em=1.0 f1=1.00 pred='Stevie Wonder'
[556/1400] id=1e5097d79888462caaa39ba4db594a75 em=1.0 f1=1.00 pred='Punch'
[557/1400] id=1f34e8356f244ec090c04c17c6bd2461 em=0.0 f1=0.50 pred='King of Scotland'
[558/1400] id=29c4441eb3de4e4081e7b021b7b21ae8 em=1.0 f1=1.00 pred='Karl Marx'
[559/1400] id=daacd026f4c74f05ad54a81156a73fc7 em=1.0 f1=1.00 pred='kiss'
[560/1400] id=3fbfce94e0414297a6571b37a4c373a9 em=1.0 f1=1.00 pred='Brazil'
[561/1400] id=c32dc525fe3b476583cd61345d7cdab1 em=1.0 f1=1.00 pred='The Stone Diaries'
[562/1400] id=9f047b722c954616a87f8a75fb05ea1e em=0.0 f1=0.67 pred='PET scanner'
[563/1400] id=5fb265572a0349ceab2a01dce4db25ae em=1.0 f1=1.00 pred='Big rig'
[564/1400] id=3e7b755e768b446cb6ce765d1bb23e7e em=0.0 f1=0.67 pred='Princeton University'
[565/1400] id=0bf30b86754b402e8edb15e06deea6d7 em=1.0 f1=1.00 pred='Easter'
[566/1400] id=26f0839b53df4fde898bd35ad64d1b8e em=1.0 f1=1.00 pred='Audubon'
[567/1400] id=0bed2137c44d4075bed61696b3a43f86 em=1.0 f1=1.00 pred='Jennifer Jason Leigh'
[568/1400] id=7b50344caff24795bd6141f952e6eeeb em=1.0 f1=1.00 pred='Friedrich Nietzsche'
[569/1400] id=37f57f0d6bec4ca8a98ebf3674181eab em=1.0 f1=1.00 pred='Some Like It Hot'
[570/1400] id=189bf0be3c9a44a39b977d5ee38375f6 em=1.0 f1=1.00 pred='Joe'
[571/1400] id=7472c5a21123400596962aec79a5e9b3 em=0.0 f1=0.80 pred='Twin-lens reflex camera'
[572/1400] id=8067a787d569470497c0cb93213f7e07 em=1.0 f1=1.00 pred='Xenon'
[573/1400] id=c64e0787ce4545a487b103d88994afcd em=1.0 f1=1.00 pred='Mazurka'
[574/1400] id=8fd31d7bf9f34ee18483bde98c3a7ab2 em=1.0 f1=1.00 pred='Target'
[575/1400] id=33c1e8acc17f476bbaea3ced919f7261 em=1.0 f1=1.00 pred='Mercator'
[576/1400] id=8e29a1330c7444029122dcabc01d4c29 em=1.0 f1=1.00 pred='1789'
[577/1400] id=9c43041246554b0f9371e45cbaf1b9bf em=1.0 f1=1.00 pred='Williamsburg'
[578/1400] id=de04866a2e794178848e01632d12cc37 em=1.0 f1=1.00 pred='Mason-Dixon line'
[579/1400] id=f4eb6ed857034ddb8caede4a50126916 em=1.0 f1=1.00 pred='nitrogen'
[580/1400] id=8ed17c48fb864ff6a4bb5ba04055c1f7 em=1.0 f1=1.00 pred='Mardi Gras'
[581/1400] id=3a635690d173489fbb5da0bbc4e67f0a em=1.0 f1=1.00 pred='James Earl Jones'
[582/1400] id=fbb328204c534e5e81a03f43009eb3ee em=1.0 f1=1.00 pred='Love'
[583/1400] id=1b6c95d31f6245f5a8817dc8e5129c3e em=1.0 f1=1.00 pred='Susan Faludi'
[584/1400] id=b54c0dde6f774d9cab7c34d47de7ac72 em=1.0 f1=1.00 pred='dive bomber'
[585/1400] id=aa09b8584da945bb8e799bfd52f71c8f em=1.0 f1=1.00 pred='Flatliners'
[586/1400] id=39505c228a0d42ee86d84683483be26e em=1.0 f1=1.00 pred='Nepal'
[587/1400] id=39cb7d676f7049ed976f8986a41c27bb em=0.0 f1=0.00 pred='grasshopper'
[588/1400] id=fe06a70fb7bb4f6fa665e96fe6617b56 em=1.0 f1=1.00 pred='Advil'
[589/1400] id=a9091f1b92fe4f988f7dd362f226f24a em=1.0 f1=1.00 pred='Invisible Man'
[590/1400] id=9c831d5f63eb406aa414bc8cbcc65702 em=1.0 f1=1.00 pred='Peter'
[591/1400] id=d848ec91a45a47e9ad5b7951b9fa328c em=0.0 f1=0.00 pred='Stoke-on-Trent'
[592/1400] id=39ded4807d8649ac8148c560cdc9be59 em=1.0 f1=1.00 pred='City Council'
[593/1400] id=41ba06c7459e468c8877cfd21a65a845 em=1.0 f1=1.00 pred='Solemn'
[594/1400] id=353217467129452597e5b903092164e5 em=1.0 f1=1.00 pred='Bryan Adams'
[595/1400] id=7e3cea5135b34efab66c1ea8c4610361 em=1.0 f1=1.00 pred='Stockholm'
[596/1400] id=d08c12ce91114920b1792de8c4d55f66 em=1.0 f1=1.00 pred='Fletcher Christian'
[597/1400] id=b6b16e7c963241d3819a28cd4d54df69 em=1.0 f1=1.00 pred='silent'
[598/1400] id=97ea770391534ffd9d71beb48d620a2d em=1.0 f1=1.00 pred='lactic acid'
[599/1400] id=02d096413cc84c3d8ea71b4740db3c83 em=1.0 f1=1.00 pred='Sufism'
[600/1400] id=23e28bc8e6c0466c9f1c7427b37b8d8f em=1.0 f1=1.00 pred="Arby's"
[601/1400] id=8c3bc713dc724f5f907694e2d2583526 em=1.0 f1=1.00 pred='Mushrooms'
[602/1400] id=18bbeafcf1a345c297c73e0043e4c884 em=1.0 f1=1.00 pred='David Lee Roth'
[603/1400] id=4e0652d328f640b6b8a36f47d508a05a em=1.0 f1=1.00 pred='One'
[604/1400] id=5c3f466eaa8a4032bdf797970e57f7cf em=1.0 f1=1.00 pred='Old Fashioned'
[605/1400] id=32c460e50841419e86a4ff76b28d3ac6 em=1.0 f1=1.00 pred='Headless Horseman'
[606/1400] id=1bcbb6bc51104330894359a3aa0ba675 em=1.0 f1=1.00 pred='Napster'
[607/1400] id=cf035f229bb84ceb8116c26d87a74299 em=1.0 f1=1.00 pred='Tom Osborne'
[608/1400] id=88e4101e4cc043c1a1790407124d6d2b em=1.0 f1=1.00 pred='Prince William'
[609/1400] id=da85bfd141ae4c97b03144145067dbc7 em=1.0 f1=1.00 pred='Benedict XVI'
[610/1400] id=986c1a379bfa4fe08dd2453eace5f752 em=1.0 f1=1.00 pred='Mogul'
[611/1400] id=565fbcb59be4452c98e09c3c0f5b5ab6 em=1.0 f1=1.00 pred='Irish'
[612/1400] id=efe119e8c6a64b8ab3377201e682c5ce em=1.0 f1=1.00 pred='Jakob Dylan'
[613/1400] id=059fe45574ce48e3becc3b230e4546cb em=1.0 f1=1.00 pred="All's Well That Ends Well"
[614/1400] id=bfba2cb68c9b4db4a71db7b1ca1daf1f em=1.0 f1=1.00 pred='The Joy Luck Club'
[615/1400] id=a7ebc31e16924865b483b408fa340abb em=1.0 f1=1.00 pred='a wedding album'
[616/1400] id=4c425dc6992c413d9c1521f758c0d85a em=0.0 f1=0.67 pred='Herbert Hoover'
[617/1400] id=9ab071c46a9f49729bc7ced0b8143032 em=1.0 f1=1.00 pred='Quiz Show'
[618/1400] id=d0a7c4d69828416da83a28c969e1d850 em=0.0 f1=0.67 pred='Charles Lindbergh'
[619/1400] id=8f88cd07ca714a469314bfd0dfed46db em=1.0 f1=1.00 pred='Tim Duncan'
[620/1400] id=021af5c97c3e4b858d38d473b460e193 em=1.0 f1=1.00 pred='Rapier'
[621/1400] id=58b49f67d6ca40e19df7fe3f9410d4e6 em=1.0 f1=1.00 pred='Cairo'
[622/1400] id=1a4c64b7e55f49198320442e20da31a7 em=0.0 f1=0.00 pred='Boeing'
[623/1400] id=7757b82b4af04f12a3bea7655cae0e08 em=1.0 f1=1.00 pred='Vanessa Hudgens'
[624/1400] id=de54b5a1fe6947f993d16474d14f760f em=1.0 f1=1.00 pred='Herbert Hoover'
[625/1400] id=cb15bedf505045608c84edea71d6d658 em=1.0 f1=1.00 pred='The Lost Weekend'
[626/1400] id=af97973283df4d8eb059e58bf9b44cee em=1.0 f1=1.00 pred='Brain'
[627/1400] id=4accac8592a54df1b1b36fb49bf1b4df em=0.0 f1=0.40 pred='highest mountain in Venezuela'
[628/1400] id=7ef04f636a284045bab6c1dca3490190 em=1.0 f1=1.00 pred='Just say no'
[629/1400] id=c55531425e38481c87dad17bb5a7eb61 em=0.0 f1=0.67 pred='yolk sac'
[630/1400] id=880c4f8fe57445e281ddf15e3e47eecd em=1.0 f1=1.00 pred='Arkansas'
[631/1400] id=45224e0c3ca4482992e8be46e0a67f64 em=1.0 f1=1.00 pred='salmon'
[632/1400] id=8e6cdba3e47d4be38094c354cc9b7529 em=1.0 f1=1.00 pred='The Truman Show'
[633/1400] id=3ed3ed1a2ed24826998f5a377a0eebe5 em=1.0 f1=1.00 pred='Department of Justice'
[634/1400] id=592684577f2f4d0185be7aff295266f9 em=0.0 f1=0.67 pred='Jacques Offenbach'
[635/1400] id=6d1f497464e8443a84562d229749027e em=1.0 f1=1.00 pred='Grand Central Station'
[636/1400] id=1728772ad1b545e48f1033a908075f50 em=0.0 f1=0.67 pred='Giant squid'
[637/1400] id=bf13df65693e41a58ffe9668a2100305 em=0.0 f1=0.57 pred='Caspian tern'
[638/1400] id=2b32a64c14dd45fa88d3022bafb66916 em=1.0 f1=1.00 pred='Shawnee'
[639/1400] id=5ada43ba21394ff58c8875db16c2fb4a em=1.0 f1=1.00 pred='ATMs'
[640/1400] id=bc0eb04777904f4683de2a681201e3ee em=1.0 f1=1.00 pred='Truffles'
[641/1400] id=0b0636e515c2405b8a03690ddb23484e em=1.0 f1=1.00 pred='Walt Kelly'
[642/1400] id=996d3c20195f43da98f0b5aba98c955f em=1.0 f1=1.00 pred='Butch Cassidy'
[643/1400] id=6423c6aff9d342ba9b280cfe66dcb5ff em=1.0 f1=1.00 pred='Perfect game'
[644/1400] id=04d3b44f40ad45289d0414990690a8ab em=1.0 f1=1.00 pred='Milwaukee'
[645/1400] id=ee02a0e1352b41e28836b95b6d62ae9c em=1.0 f1=1.00 pred='Atlas Shrugged'
[646/1400] id=3d229189bbfe401c928650ea4a6aa666 em=1.0 f1=1.00 pred='Boss Tweed'
[647/1400] id=a51dbb7a319b4cfe82ae927d6fa2a378 em=1.0 f1=1.00 pred='Khyber Pass'
[648/1400] id=00bae619959f47cb9b81cf3bacba0a38 em=0.0 f1=0.00 pred='Pay'
[649/1400] id=e9b52d99692b4cb39db22db4f6b79d7c em=1.0 f1=1.00 pred='Pear'
[650/1400] id=20a9fdc3a7e3452abc98ea834c7c8287 em=0.0 f1=0.67 pred='Tippecanoe River'
[651/1400] id=f55cde33b3c34d17b152fe3f001b879c em=1.0 f1=1.00 pred='Estonia'
[652/1400] id=e0f0e3482b4d42218bf7856e590ea65c em=1.0 f1=1.00 pred='Mercury'
[653/1400] id=7d35fcb607d144308e59842d5fb0e6c7 em=1.0 f1=1.00 pred='cholesterol'
[654/1400] id=3cb9999f46154bb3b7d14b2ef04a3c7c em=1.0 f1=1.00 pred='Mickey Mouse'
[655/1400] id=1bf2e8f4324d47bf804194ae3eb748aa em=1.0 f1=1.00 pred='Guernsey'
[656/1400] id=69d1ac690138404b8a30e66b4af39e0b em=1.0 f1=1.00 pred='Fatah'
[657/1400] id=5af67300706c4224b111bdf8d3e498a2 em=0.0 f1=0.67 pred='wagon wheels'
[658/1400] id=1957afc2a46e439a8624866564299c77 em=1.0 f1=1.00 pred='The Fugitive'
[659/1400] id=98e248b0cd0b4fa483949dbe09a7ceaa em=0.0 f1=0.67 pred='in Heaven'
[660/1400] id=e22ffc29e8624e9d899f6b2066b22cca em=0.0 f1=0.00 pred='James Gordon Brown'
[661/1400] id=ad48db8d48f24570b35c8f4d990547d3 em=1.0 f1=1.00 pred='swans'
[662/1400] id=7bd7a98633694059a03bb80a35cfacff em=1.0 f1=1.00 pred='Language'
[663/1400] id=5a9531bad7d049b6ad6290ad7ee0203e em=1.0 f1=1.00 pred='Trigger'
[664/1400] id=552af585b5004a0a9a56820d059be3e9 em=1.0 f1=1.00 pred='Duvet'
[665/1400] id=e225921262ae4952ae88f316adab17fa em=1.0 f1=1.00 pred='A Londonderry Air'
[666/1400] id=dd28ea5ffc9b49149a8b54366a25ad2f em=1.0 f1=1.00 pred='Carbon'
[667/1400] id=d3bc24bbf7a64cfcbd7817b9c5d6ca54 em=1.0 f1=1.00 pred='Lapis lazuli'
[668/1400] id=5209bb3e28874b6ab044698bd558f856 em=1.0 f1=1.00 pred="Uncle Tom's Cabin"
[669/1400] id=dfec9961833848cbb53dfd96120c5c67 em=1.0 f1=1.00 pred='Box'
[670/1400] id=9ba40aba1544434b900db2758db2eded em=1.0 f1=1.00 pred='Bermuda Triangle'
[671/1400] id=0788e394a0d4417798eeb8c3f1939b85 em=1.0 f1=1.00 pred='saxophones'
[672/1400] id=e868ea3304524abea45d9388a323e271 em=1.0 f1=1.00 pred='Nile'
[673/1400] id=86879fe499e54b40b24406c7feeda67c em=1.0 f1=1.00 pred='Dublin'
[674/1400] id=1907544aa6ab4ba28951dc4b0389608f em=1.0 f1=1.00 pred='Calypso'
[675/1400] id=78bd57d4f88e45678b12a7f201c08b91 em=0.0 f1=0.50 pred='Department of Commerce'
[676/1400] id=da940922cae640058dcd8333a529a70f em=1.0 f1=1.00 pred='Ovid'
[677/1400] id=95b675e8b63a4f39b3bc13d3e926e270 em=1.0 f1=1.00 pred='coronation'
[678/1400] id=99db7766aa6948779a5a50e754ff2eed em=1.0 f1=1.00 pred='Clive Barker'
[679/1400] id=db406004734c46d28b5237cef711e2fb em=0.0 f1=0.67 pred='Isaac Newton'
[680/1400] id=e7249a74dc344c88b3b10adfedfd2b2c em=1.0 f1=1.00 pred="There's no place like home."
[681/1400] id=69cff2fb4eaf4a54af589d23d5f5e851 em=1.0 f1=1.00 pred='troubadour'
[682/1400] id=a18fc294f8ea407880c30cf70c7ae290 em=1.0 f1=1.00 pred='Catherine of Aragon'
[683/1400] id=2b73d6c930d24ff99e0a8d7caefde3fe em=1.0 f1=1.00 pred='Las Vegas'
[684/1400] id=8728ca39ca6c4a69ad00664e9ddfee0e em=0.0 f1=0.80 pred='U.S. Marine Band'
[685/1400] id=fc200c82aef548ddbf14823397d3defd em=1.0 f1=1.00 pred='American Bandstand'
[686/1400] id=74b6042e0798491c81d482aec435e83b em=1.0 f1=1.00 pred='pumpkin bread'
[687/1400] id=878d7d4e5b024fa394d5551a74bf74ce em=1.0 f1=1.00 pred='Richard Byrd'
[688/1400] id=384cb3de0b714c049e97f1659df6c38f em=1.0 f1=1.00 pred='J.K. Rowling'
[689/1400] id=1647038e04294ba293bafc1dff2754d7 em=1.0 f1=1.00 pred='Russia'
[690/1400] id=c1d0ebcfc30d4588bc539e1491bdfda2 em=1.0 f1=1.00 pred='Navy'
[691/1400] id=e92a6a5f47b344e9956d2f242fd0494a em=0.0 f1=0.00 pred='Mollusca'
[692/1400] id=4cccc854d8e54bd2ae5f20d2df617925 em=1.0 f1=1.00 pred='Mickey Mantle'
[693/1400] id=d33d8073aa6149dd9e1933b0fbdc9c0c em=1.0 f1=1.00 pred='Arthur Conan Doyle'
[694/1400] id=dd95a0955ce14d69994a3834225ac485 em=1.0 f1=1.00 pred='windshield'
[695/1400] id=544b9ff112ec462cbc2365d4534f2877 em=0.0 f1=0.67 pred='Fingers'
[696/1400] id=593939638fbd4669a2f3343f64f1d414 em=1.0 f1=1.00 pred='Vladivostok'
[697/1400] id=1ab6058b99fb4263a34d46ab834a899d em=1.0 f1=1.00 pred='Portugal'
[698/1400] id=317d3ca2b3b049c38f0599105b631cb2 em=1.0 f1=1.00 pred='a three-point landing'
[699/1400] id=4a8bc0ccc06749aa839a49d991e3983d em=0.0 f1=0.80 pred='W. Somerset Maugham'
[700/1400] id=1f84b610c0904423ad9a44d86c9adf5b em=1.0 f1=1.00 pred='Tommy Franks'
[701/1400] id=dff449177b0444fb9fb3d3074c47dfdb em=1.0 f1=1.00 pred='Moscow'
[702/1400] id=b35426ec7d4a454889a577624d5f37e3 em=1.0 f1=1.00 pred='Daredevil'
[703/1400] id=1af943cca718482ea5e270215ce3ae98 em=1.0 f1=1.00 pred='flowers'
[704/1400] id=db80db13a92c488e920b53bc3cdcf58a em=1.0 f1=1.00 pred='Chimney'
[705/1400] id=5f52a6cf393c4f48a852f94e4d035270 em=1.0 f1=1.00 pred='Lewis Carroll'
[706/1400] id=b63bb97b6419445fb4f54984847ce532 em=0.0 f1=0.50 pred='Fred Rogers'
[707/1400] id=8049aa445ccf4e02848687895819b1a8 em=1.0 f1=1.00 pred='Alive'
[708/1400] id=9288303957c24d2f89bd30ee0ec1b099 em=1.0 f1=1.00 pred='Gwen Stefani'
[709/1400] id=aa9245ea61e4446b99430c7e496e3399 em=1.0 f1=1.00 pred='sin'
[710/1400] id=e4af38570ede4d60975fe42cbee53740 em=1.0 f1=1.00 pred='North Dakota'
[711/1400] id=ece2f199f83f4c6f989911abdee7871a em=0.0 f1=0.00 pred='Blacken'
[712/1400] id=4e09d6c162414151b95d3c8fecc6ab73 em=1.0 f1=1.00 pred='Mexico'
[713/1400] id=010b367b8f5e49d3be4fea7439de0514 em=1.0 f1=1.00 pred='Christa McAuliffe'
[714/1400] id=596acfb6acae4c0e917dce07c055168f em=0.0 f1=0.00 pred='Brazil'
[715/1400] id=315ce0c9509e40e9ada49582c4c6dcb0 em=1.0 f1=1.00 pred='Mark Twain'
[716/1400] id=a125832f958b4b949d53701e7e7de41d em=1.0 f1=1.00 pred='Roger Bannister'
[717/1400] id=94aee49633d343d7868124a082fd4e79 em=1.0 f1=1.00 pred='Click'
[718/1400] id=c5cb2da2f1344ef4aeefbc76ba172a4f em=1.0 f1=1.00 pred='Maastricht'
[719/1400] id=4e2bde6cceaf4589a1827023bc70df00 em=1.0 f1=1.00 pred='Ham'
[720/1400] id=dad2a74bc1cf453d9348235f071dfcea em=1.0 f1=1.00 pred='Julius Caesar'
[721/1400] id=9ad0ab836cd145df95b8967e286bf57b em=0.0 f1=0.67 pred='Bronx Zoo'
[722/1400] id=b12327b5ebbe4ce48f26173d175358d2 em=1.0 f1=1.00 pred='Neon'
[723/1400] id=83a49886c0224008bb794d5c92caf0dd em=1.0 f1=1.00 pred='Portland'
[724/1400] id=07aaefcffd8e4569b12c80884ef0d24b em=1.0 f1=1.00 pred='tanager'
[725/1400] id=0aa8fff3215c4ddd89526bc8e8b49950 em=0.0 f1=0.00 pred='local anesthetic'
[726/1400] id=21cdade1fc4648a6955eb16c68b3c188 em=0.0 f1=0.80 pred='Isaac Newton'
[727/1400] id=b8186b46d7d54de5b0e9b942723f4fb1 em=1.0 f1=1.00 pred='Constant'
[728/1400] id=bd472ffaee064326a2b7e7437785eea5 em=0.0 f1=0.67 pred='Claude Debussy'
[729/1400] id=5c5525ecc07b45eeb0385e22ff04da2c em=1.0 f1=1.00 pred='Boatman'
[730/1400] id=a5fb869ba1534a1fbaf6f7d2daf8c592 em=1.0 f1=1.00 pred='Flea'
[731/1400] id=7cefa39a689a4ab89f749733f4573e14 em=1.0 f1=1.00 pred='Princess Mononoke'
[732/1400] id=c8d81dd0e7dc4bde9969db769a8be21b em=1.0 f1=1.00 pred='QWERTY'
[733/1400] id=07c95deaf6164d4380e8c5083b99307c em=1.0 f1=1.00 pred='Buffalo Bills'
[734/1400] id=18a2740593b247688ca64e5c347040a3 em=1.0 f1=1.00 pred='Mercury'
[735/1400] id=a79aeb2cd44f4d7db90713d72023d094 em=1.0 f1=1.00 pred='Billie Jean King'
[736/1400] id=5537ded80516456582e58a06027b8c06 em=0.0 f1=0.50 pred='the free'
[737/1400] id=2d15ac4929a24bb9b28be47692ec0e31 em=0.0 f1=0.67 pred='Mediterranean Sea'
[738/1400] id=30acb98661c6410aaf6c6ff5b2f6a3ea em=1.0 f1=1.00 pred='Haiti'
[739/1400] id=aae4ba6a4f184647b881304d15a0127b em=1.0 f1=1.00 pred='adhesion'
[740/1400] id=5290f39935a047d9a6176f83190fdc75 em=1.0 f1=1.00 pred='Tudor'
[741/1400] id=e060051f352a46f78ec5444cab1399c7 em=1.0 f1=1.00 pred='Buffalo Bills'
[742/1400] id=fd6c948ba43c490c945177ed804fba30 em=1.0 f1=1.00 pred='South Africa'
[743/1400] id=cf4dc2bacd2544738999a500551e695d em=1.0 f1=1.00 pred='Andorra'
[744/1400] id=0a7cadd8c4a841f78f7679a402758028 em=1.0 f1=1.00 pred='yellow'
[745/1400] id=3b44d20c36344e2cba9635596cfd47fe em=1.0 f1=1.00 pred='nanosecond'
[746/1400] id=0386b55f3628443484d92c35fb0bb200 em=1.0 f1=1.00 pred='Andrew Jackson'
[747/1400] id=03275e1352884f2cb6ff1e70031ea96b em=1.0 f1=1.00 pred='The Legend of Sleepy Hollow'
[748/1400] id=e939d716042547b9a5c0e859a57537ce em=1.0 f1=1.00 pred='The Man Without a Country'
[749/1400] id=2df9c599b03a4600b53839efc8c12d03 em=1.0 f1=1.00 pred='Goodyear'
[750/1400] id=39eb0eee961849f980899754daa0e6fc em=1.0 f1=1.00 pred='Orestes'
[751/1400] id=a3db01e563ff481288627ed7f9ed2110 em=1.0 f1=1.00 pred='Uterus'
[752/1400] id=f52e36d88d8141589b7f57be7141d2ce em=1.0 f1=1.00 pred='Richard Nixon'
[753/1400] id=2a5524dbccb6469bb8be6357f68769b2 em=0.0 f1=0.00 pred='Impressionist'
[754/1400] id=b3db70bb7a1746eba2857bdcd77aec1e em=1.0 f1=1.00 pred='Nostradamus'
[755/1400] id=6d183cab5f4946cc9693d1bcd464e438 em=1.0 f1=1.00 pred='Gigabyte'
[756/1400] id=ed9f9cea823345fc9cadc16d151a9bbd em=1.0 f1=1.00 pred='The Little Prince'
[757/1400] id=37b7a09bb7ed4b7ca9471b847c3b89f7 em=1.0 f1=1.00 pred='Frank Sinatra'
[758/1400] id=d9bf831ca84a4d778e20e5dfa93c4bdd em=1.0 f1=1.00 pred='Toyota'
[759/1400] id=6c4b1e619f9047f5be345a1934fb00a2 em=1.0 f1=1.00 pred='Potato chips'
[760/1400] id=17aa9d61ef8545cab274be711be12545 em=1.0 f1=1.00 pred='Denmark'
[761/1400] id=68ad1d5549fa41d1a6473e25b8e32e95 em=0.0 f1=0.80 pred='Julie Andrews Edwards'
[762/1400] id=5f6158c674304dc48612c1c90777f6ef em=1.0 f1=1.00 pred='Grover Cleveland'
[763/1400] id=47c9a3f482a64f4caf0fa08bb40111fe em=0.0 f1=0.00 pred='Tom Hutter'
[764/1400] id=89412bf5de8446cabc4d5a96cbf7be68 em=1.0 f1=1.00 pred='Zamboni'
[765/1400] id=9bb5aa2f3e9940eea6f4f04f471601c3 em=1.0 f1=1.00 pred='Virginia Woolf'
[766/1400] id=b3813b34d25e4dc592e344a9f226958e em=0.0 f1=0.50 pred='Gamal Abdel Nasser'
[767/1400] id=2760e2dfcb7d48308c0e7ff3d66adc03 em=0.0 f1=0.67 pred='Ohio River'
[768/1400] id=7cbc24d809ce4acf974c2a67b475bcb2 em=0.0 f1=0.00 pred='Austrian newspapers'
[769/1400] id=741f6007092a4251bbb733f8251d6ff8 em=0.0 f1=0.00 pred='Backdoor'
[770/1400] id=0599cd7767b242f78cfb9bf6bb49f259 em=0.0 f1=0.67 pred='Elvis Presley'
[771/1400] id=ad1053172799410dbbba6e41ff9304a0 em=1.0 f1=1.00 pred='Hawkeyes'
[772/1400] id=96b182a87733443d900d573aa6a3daf5 em=1.0 f1=1.00 pred='Doc'
[773/1400] id=8ae40dd4f4db4ba3965d510abfdbfc53 em=1.0 f1=1.00 pred='North Carolina'
[774/1400] id=c97304fe63f44271b054e480071f3bda em=1.0 f1=1.00 pred='tornado'
[775/1400] id=52adaf3083cf4e9d97bdd9fe1d9063cd em=1.0 f1=1.00 pred='The Wizard of Oz'
[776/1400] id=e5a2400ddabe4751a3a39adfb948c411 em=1.0 f1=1.00 pred='Manslaughter'
[777/1400] id=4c62187235714ac8915d93d00b8b86ce em=0.0 f1=0.67 pred='Brian Urlacher'
[778/1400] id=756276d1375f4a4e9b16282e8b915b51 em=1.0 f1=1.00 pred='Lead'
[779/1400] id=5b6925fbab6a4b369f69c19075efb029 em=1.0 f1=1.00 pred='constellation'
[780/1400] id=a7674332b87849f4b6cbc64be28b233b em=1.0 f1=1.00 pred='College of William and Mary'
[781/1400] id=e2801d2a3baa454f90ef2f954c07989c em=1.0 f1=1.00 pred='John Bunyan'
[782/1400] id=ea6c17bb22ba4ac08420f2395e28ed79 em=1.0 f1=1.00 pred='Crayola'
[783/1400] id=4f393e1af76a4211855c954e7a48910c em=1.0 f1=1.00 pred='Welterweight'
[784/1400] id=d274307a500d4d8c8cbf30faf5589cf0 em=1.0 f1=1.00 pred='Running of the Bulls'
[785/1400] id=734c12b3c61f499eb696ab2e7e7521cd em=0.0 f1=0.00 pred='Israeli-Lebanese conflict'
[786/1400] id=55de755622204878942357d6f0752184 em=0.0 f1=0.67 pred='Edouard Manet'
[787/1400] id=f285b18402cc4d1ea3cdbab6ece293df em=1.0 f1=1.00 pred="Surf's Up"
[788/1400] id=da6a69045302434d8aec0c0ddbee1a49 em=1.0 f1=1.00 pred='Rubaiyat'
[789/1400] id=9e8622f9a9184715982fd8dd1c6e3ba0 em=1.0 f1=1.00 pred='People'
[790/1400] id=da2feb04ad764ada9fb88189716f1142 em=1.0 f1=1.00 pred='Heidi'
[791/1400] id=f5ee56d993c147c4b84fe7a2e820cafe em=1.0 f1=1.00 pred='masks'
[792/1400] id=7be9991d6f6947e4acc72ea8644b82f5 em=1.0 f1=1.00 pred='King John'
[793/1400] id=2711f4e089ee430c8cbeb3498bf95473 em=1.0 f1=1.00 pred='Volcano'
[794/1400] id=21df075c378849ab9411a0ffaddb3697 em=1.0 f1=1.00 pred='Easter'
[795/1400] id=a0dbc05648a74890a966350c81704622 em=1.0 f1=1.00 pred='Shakira'
[796/1400] id=b57a65e684504d9db9a6878292c0313e em=1.0 f1=1.00 pred='Driving Miss Daisy'
[797/1400] id=7c69a9380360429d91cf729201196b16 em=1.0 f1=1.00 pred='Beagle'
[798/1400] id=eecd780002e6481f93ab585f1ba80ab0 em=1.0 f1=1.00 pred="Gulliver's Travels"
[799/1400] id=89eb757291114ed8ac5bb0df63cff34b em=0.0 f1=0.00 pred='James Henry Webb Jr.'
[800/1400] id=399282083ee8402eb87ace6200235232 em=1.0 f1=1.00 pred='Argentina'
[801/1400] id=15d8c4fb9ed1486f8e6d80ffcd7d0948 em=0.0 f1=0.67 pred='laser'
[802/1400] id=2d909b42ef974963b8918ab1c6771b84 em=1.0 f1=1.00 pred='George Reeves'
[803/1400] id=24faa13b2b7748f4babea2d6320d458e em=0.0 f1=0.67 pred='Sweater'
[804/1400] id=730d1b61b948484394b9c56703bdb2b3 em=1.0 f1=1.00 pred='Scrabble'
[805/1400] id=dbcadf420ab94399b8137e3bab4eb2c8 em=1.0 f1=1.00 pred='Nitrogen'
[806/1400] id=f359127d25b646d6b1cf595ca1f44c62 em=1.0 f1=1.00 pred='The Polar Express'
[807/1400] id=fa3a3d392e1f435f996add8371a798bf em=1.0 f1=1.00 pred='Samuel Goldwyn'
[808/1400] id=649fdc580ea74665a873f6a0e29907a5 em=1.0 f1=1.00 pred='Greyhound'
[809/1400] id=9625aec4508b46ab8ff49452ae77c08b em=1.0 f1=1.00 pred='Court'
[810/1400] id=7e6a0f89411346e2ad88dc04a2be77e3 em=1.0 f1=1.00 pred='Robert A. Taft'
[811/1400] id=5bd2e40ac0a54e1db12f2b37f3a86f6c em=1.0 f1=1.00 pred='Rwanda & Burundi'
[812/1400] id=18f57112ccf54db680526fe8d04f0a0f em=1.0 f1=1.00 pred='24'
[813/1400] id=3b3c239c629640659e5eba502a817ced em=1.0 f1=1.00 pred='Jim Carrey'
[814/1400] id=8e0843e73a22433c845d554d79bac4ab em=1.0 f1=1.00 pred='Matt Dillon'
[815/1400] id=7497bd11227f4bd8b027c5f737c3f23c em=1.0 f1=1.00 pred='Pineapple'
[816/1400] id=87d921a79a624189b7fdbce4ba1c3409 em=0.0 f1=0.67 pred='Snipe'
[817/1400] id=e04f70f907f0419ba627c6889342eeb1 em=1.0 f1=1.00 pred='Interlaken'
[818/1400] id=09a3c29bd469417c9ee3cec55c1d4b73 em=1.0 f1=1.00 pred='Aristotle'
[819/1400] id=a0d9bcba64594ec0aaeb2d1cad1a8b59 em=1.0 f1=1.00 pred='Jacques Louis David'
[820/1400] id=380905a8be3140d2b8c53427fe923b73 em=1.0 f1=1.00 pred='Jack Johnson'
[821/1400] id=dac2c24d81ce4899823c9d4fd9f47db9 em=1.0 f1=1.00 pred='Greece'
[822/1400] id=dc0df73d4fe3474cabd047b65c70d911 em=1.0 f1=1.00 pred='Dr. Strangelove'
[823/1400] id=85a8040e8294493b8d038621e6a04930 em=1.0 f1=1.00 pred='winter'
[824/1400] id=c421ee82b0594e76b762cd052e3dfa6f em=1.0 f1=1.00 pred='triangle'
[825/1400] id=579ae7a5dde34d1f8d20f3c5b644f5f4 em=1.0 f1=1.00 pred='Titans'
[826/1400] id=67e7f225634c4cba8a31bb6fbc51a107 em=1.0 f1=1.00 pred='Des Moines'
[827/1400] id=4fdd00881ae641ba9535e22d64c3a0ff em=1.0 f1=1.00 pred='a bazooka'
[828/1400] id=b34b82628e4b4361846043c8dcfb8aac em=1.0 f1=1.00 pred='Connecticut'
[829/1400] id=dc15fa04af0040f1b7999769ac1da899 em=1.0 f1=1.00 pred='Andrew Marvell'
[830/1400] id=511231befba84f3baaf198cd8b32f541 em=1.0 f1=1.00 pred='Apollo'
[831/1400] id=ff2942e7dcec4b54bb5b4d1c35678ae0 em=1.0 f1=1.00 pred='Patrick Henry'
[832/1400] id=777b196aeee34792b1c79c7d022ca04a em=1.0 f1=1.00 pred='cyclotron'
[833/1400] id=49f06cb45863458e82c2cc98d6496fe6 em=1.0 f1=1.00 pred='lime'
[834/1400] id=fa1600f545b14703b72b253b24ba1673 em=1.0 f1=1.00 pred='Pablo Neruda'
[835/1400] id=a534d740d99c4f4ebaf7745907603113 em=1.0 f1=1.00 pred='Wright Brothers'
[836/1400] id=ceaa70ad97bc40cabc6b6fd99e37b0e4 em=1.0 f1=1.00 pred='piece of the pie'
[837/1400] id=2912f5399c2f4fb6a7c520306d8caf3a em=1.0 f1=1.00 pred='Chesapeake Bay'
[838/1400] id=c35fa3ed34bf4b0e8116f10d1913d75c em=1.0 f1=1.00 pred='Rug'
[839/1400] id=b92a6b9037e74c47a219a30a0a813683 em=1.0 f1=1.00 pred='Indian reservations'
[840/1400] id=142c46ffc40d484d9a9805811fa8d989 em=0.0 f1=0.80 pred='Operation Desert Shield'
[841/1400] id=ed3126e9b1c046a88952849cde65acd2 em=1.0 f1=1.00 pred='a leather feather'
[842/1400] id=87662c5037b04f44a5e20fcc7c925f98 em=1.0 f1=1.00 pred='Minerva'
[843/1400] id=f257a2c9688441719bc8b80bb03ed3a1 em=0.0 f1=0.00 pred='Lute'
[844/1400] id=dcd5ede5eac44e12b8da2c1f88d05596 em=1.0 f1=1.00 pred='Philip Morris'
[845/1400] id=93269a66ef94416f8fa08257efc9d30e em=1.0 f1=1.00 pred='Eel'
[846/1400] id=16f4d1a28f264c15b4c93460cf2d985a em=0.0 f1=0.67 pred='Aloha Airlines'
[847/1400] id=9d65ae3eff6940dd88b0b66996c9360d em=1.0 f1=1.00 pred='hat'
[848/1400] id=1e57515dad4841e3b0cca4d623cb78ff em=1.0 f1=1.00 pred='Paul Gauguin'
[849/1400] id=3201d8f450dd47debc62e21b5fb3c490 em=1.0 f1=1.00 pred='Venus'
[850/1400] id=8bf26a55b8e24999a71cec5c22dd6003 em=1.0 f1=1.00 pred='Qatar'
[851/1400] id=979feb65f2b643589a974182664cbeb6 em=1.0 f1=1.00 pred='Frank Sinatra'
[852/1400] id=bf2db66e80ff469e979ac4e9f6b255c4 em=0.0 f1=0.50 pred='Fish fingers'
[853/1400] id=11b2ebf9061545afa597e33b12888dd0 em=1.0 f1=1.00 pred='Mexico'
[854/1400] id=aac65b2641484039b5af31a876f03f10 em=1.0 f1=1.00 pred='Denmark'
[855/1400] id=d104edea8ff5470a98dc6f81520e39e1 em=1.0 f1=1.00 pred='Detroit'
[856/1400] id=4a641c9367f84b589e5be486a01c9078 em=0.0 f1=0.50 pred='P.T. Barnum'
[857/1400] id=6bc9eb6be6ef40488546f5c5a2656b0b em=1.0 f1=1.00 pred='Kokomo'
[858/1400] id=b956696a520f4490ba457c175cf49b4f em=1.0 f1=1.00 pred='Western Wall'
[859/1400] id=3d47899ab972454cb664fa33109370c2 em=1.0 f1=1.00 pred='Hypnos'
[860/1400] id=f9eb03ae442c4afa9ea03d58106ec819 em=1.0 f1=1.00 pred='John Coltrane'
[861/1400] id=b7daed3b13b24c2c900b3db34091f5af em=1.0 f1=1.00 pred='Mr. Ed'
[862/1400] id=75a1657798b3412e83c28343a93c6a2e em=0.0 f1=0.00 pred='Bagpipes'
[863/1400] id=592401ec18a74311b063864e6bc63c81 em=1.0 f1=1.00 pred='Frederick Forsyth'
[864/1400] id=6b8be20329f043138222e3bef58cd516 em=1.0 f1=1.00 pred='Victor Hugo'
[865/1400] id=aa5ccdb669c54275a3ac03c724a4f2e9 em=1.0 f1=1.00 pred='Tanzania'
[866/1400] id=4419b5d125bd4eeea134f2cc05561f0d em=1.0 f1=1.00 pred='Rochester'
[867/1400] id=15e2f1ce0d4a4cfc80335a7d931fa6c0 em=1.0 f1=1.00 pred="The Pilgrim's Progress"
[868/1400] id=25c0e5f8a53f4bafae2db6feb35ae667 em=1.0 f1=1.00 pred='American Wedding'
[869/1400] id=54e7aaba9cbb454a86af6d916a71109b em=1.0 f1=1.00 pred='Italian'
[870/1400] id=3829f770d336410dbfb6091efdbcad94 em=1.0 f1=1.00 pred='Ross Perot'
[871/1400] id=4068384dadbf49afb3e663a099fbd619 em=0.0 f1=0.50 pred='Defense'
[872/1400] id=94cdf72aba2b4b06a1c9ce934cd407ca em=1.0 f1=1.00 pred='Recto'
[873/1400] id=f1872aa085684205b01c8b044be9c405 em=1.0 f1=1.00 pred='walk the plank'
[874/1400] id=9b0f54e4d4b24faca22ba89f1275b675 em=1.0 f1=1.00 pred='Elie Wiesel'
[875/1400] id=fa35104992c04600b07ec126b0d8f794 em=1.0 f1=1.00 pred='Hypertext'
[876/1400] id=4412a02b02114936b8bb7a0f366770e2 em=1.0 f1=1.00 pred='Bonaparte'
[877/1400] id=2e44b7a3015a4079a8460c2c84963a6b em=0.0 f1=0.67 pred='Hollandaise sauce'
[878/1400] id=5135571c42dd41f49eb9b6df45fc00db em=0.0 f1=0.67 pred='Calvin Coolidge'
[879/1400] id=3c2897b03e0844a19fd5b3d49e99e3a5 em=1.0 f1=1.00 pred='Jean'
[880/1400] id=8b933c2dc3ae468b88d3a744bd052757 em=1.0 f1=1.00 pred='gold'
[881/1400] id=47e0542a24954b67a5d540dc56c1a80d em=1.0 f1=1.00 pred='Rudyard Kipling'
[882/1400] id=4e040c91a514411f869042bd1bb74701 em=1.0 f1=1.00 pred='Missionary'
[883/1400] id=0574d25fac6244c3885304a2112a0c15 em=0.0 f1=0.80 pred='Toronto Blue Jays'
[884/1400] id=52842cb313f445e399029f5e78bc5cd1 em=1.0 f1=1.00 pred='Cincinnati Reds'
[885/1400] id=4cfac23b2d114f91a2ecebc36feadcb5 em=1.0 f1=1.00 pred='Guyana'
[886/1400] id=51d16b79273d4676bd38079610968af0 em=0.0 f1=0.67 pred='Mississippi River'
[887/1400] id=a5c6e8c4c78449cea0fd71f7d908d88a em=1.0 f1=1.00 pred='Graceland'
[888/1400] id=7b6242e63e9042fbbe2e72a7414addb7 em=0.0 f1=0.80 pred='Dame Nellie Melba'
[889/1400] id=2372fcaa483d4384a68645f3fa9ca173 em=1.0 f1=1.00 pred='Easter'
[890/1400] id=95757ee9efaa497f90b0c6d79640865d em=1.0 f1=1.00 pred='Syria'
[891/1400] id=7614ea4125f34dcba0d17cfe071d42d3 em=1.0 f1=1.00 pred='Paraguay'
[892/1400] id=92d41fc8d92e4b82becee6215520d0f6 em=1.0 f1=1.00 pred='oboe'
[893/1400] id=d11365f5d8ba4aee988258f9340a7009 em=0.0 f1=0.00 pred='Trajan'
[894/1400] id=4af582d60f3e463caa1c8b1669e931a4 em=1.0 f1=1.00 pred='Italy'
[895/1400] id=39a9394a0123427ea52b07c9ec6c3093 em=1.0 f1=1.00 pred='France'
[896/1400] id=bfb38a93888b4c0f8c6b83c8d127eb2a em=1.0 f1=1.00 pred='Spain'
[897/1400] id=0cdf302a5c1c4fe0ac9a499470765108 em=1.0 f1=1.00 pred='Columbia'
[898/1400] id=b52a5d5925504e7a9b0eb7b9a2e808fa em=1.0 f1=1.00 pred='William S. Hart'
[899/1400] id=de08797cda7e4a928bebeb62b07788ec em=1.0 f1=1.00 pred='Zulu'
[900/1400] id=5ee940c2357946a6ba68ea0713517bca em=1.0 f1=1.00 pred='Ulysses'
[901/1400] id=b54b3d6f34644ea2aaf37de39682368b em=0.0 f1=0.00 pred='The Sun Also Rises'
[902/1400] id=177ebf6c9a854c78a73eb21e23402fef em=1.0 f1=1.00 pred='Santo Domingo'
[903/1400] id=b0f37c93bb7b440fba1eb339b05c31a1 em=1.0 f1=1.00 pred='Morocco'
[904/1400] id=858e95fc230148ba8bb554e35b25cbe5 em=0.0 f1=0.67 pred='Rudyard Kipling'
[905/1400] id=e5a37e657d344835a95788179c1266eb em=0.0 f1=0.00 pred='Annular'
[906/1400] id=e7066c6fbdb1495c8f57b0a40040f837 em=1.0 f1=1.00 pred='I Am Legend'
[907/1400] id=e006f1243e0e486e8bab439af1d1ffd0 em=1.0 f1=1.00 pred='7, 11'
[908/1400] id=ea5e1d5687754fc19c7e5e5ec47b0ccb em=0.0 f1=0.40 pred="Reese's Peanut Butter Cups"
[909/1400] id=5c26e2dde8e2465ab44fc9bbcc0aefb5 em=0.0 f1=0.00 pred='American actress'
[910/1400] id=847e5a2123aa4430aad88f8869cd3005 em=1.0 f1=1.00 pred='a police car'
[911/1400] id=5ae3072b6bbd40cab41d2d0782aa9bef em=0.0 f1=0.00 pred='Emmy Award'
[912/1400] id=6241e981d4b74d3282534ad5972ff3f2 em=1.0 f1=1.00 pred='Benjamin Franklin'
[913/1400] id=77ceea3648764a8e8561ffe69f284d9c em=0.0 f1=0.67 pred='Charles Darwin'
[914/1400] id=b8d6403bc2cd48cda7413a3f5a4ba723 em=1.0 f1=1.00 pred='Edward Hopper'
[915/1400] id=1489805b557742a0972dd1add3b3f3a8 em=0.0 f1=0.50 pred='Otto von Bismarck'
[916/1400] id=d2aae288da2240479ac8fd64380e8181 em=1.0 f1=1.00 pred='The Grapes of Wrath'
[917/1400] id=c7b1b174463847aebbfd540d05759332 em=1.0 f1=1.00 pred='AARP'
[918/1400] id=938a1a20b96245e6a0c687bf010a20c3 em=1.0 f1=1.00 pred='Space Shuttle'
[919/1400] id=c92ffc250da04dadbd4091e7caff083d em=0.0 f1=0.00 pred='Guests of the Ayatollah'
[920/1400] id=51c5b397478b4a7bb93232e7229a6a2d em=1.0 f1=1.00 pred='Venezuela'
[921/1400] id=08377c21beb04e8db4a3a2687dba7c33 em=0.0 f1=0.00 pred='Joseph Isadore Lieberman'
[922/1400] id=e72957b206954563842b8921bb239815 em=0.0 f1=0.50 pred='Frédéric Chopin'
[923/1400] id=48e2633ad90147a1bdc751f7387034eb em=1.0 f1=1.00 pred='Moon'
[924/1400] id=bb525e3475144796acac6b4db0591ec4 em=0.0 f1=0.50 pred='Buffy'
[925/1400] id=662149e9d00747989aabcdf269c496a3 em=1.0 f1=1.00 pred='dams'
[926/1400] id=36fda1c2c2504199bed202f61b06ecf9 em=0.0 f1=0.59 pred='A fictional masked vigilante and secret identity of Don Diego de la Vega'
[927/1400] id=b2991dbc96b84be3a3ea13a765cb0289 em=1.0 f1=1.00 pred='Florida'
[928/1400] id=89ca79133c4643ddbb782bf195c27661 em=0.0 f1=0.50 pred='Myra Breckinridge'
[929/1400] id=092f0450ae72424e80d1b7baca5d2eab em=1.0 f1=1.00 pred='engagement ring'
[930/1400] id=4aad23ed67974f77ab643d52928b9f13 em=1.0 f1=1.00 pred='blind spot'
[931/1400] id=d3135a3432a24c1b8d22ef8e1753800f em=1.0 f1=1.00 pred='3000'
[932/1400] id=61eda64250e44e7da58229538c783ccc em=1.0 f1=1.00 pred='Caveat'
[933/1400] id=a31a3da4cb2f47ab81fd576ce09e56df em=1.0 f1=1.00 pred='Medium'
[934/1400] id=fc3c34a4613c447dbfed5a531b4a9a15 em=1.0 f1=1.00 pred='Paula Abdul'
[935/1400] id=afaf746196804a32aaf822eb592528cc em=0.0 f1=0.67 pred='The Plaza Hotel'
[936/1400] id=44777e2c7f8c42b7a2252b71c64aa422 em=1.0 f1=1.00 pred='Joe DiMaggio'
[937/1400] id=47b66a02f30d4ca89ab37f7bfb96e426 em=1.0 f1=1.00 pred='George Moscone'
[938/1400] id=e1a0e75cc5cf409a9fc1488b071b2eb6 em=1.0 f1=1.00 pred='Manganese'
[939/1400] id=a2137a7b8c7c426ba4b49bae0d61521e em=1.0 f1=1.00 pred='Australia'
[940/1400] id=df0a8252d982464597f62bd806caf39c em=1.0 f1=1.00 pred='Robert Fulton'
[941/1400] id=df5c7bb060c442689a7a7fccc7079811 em=1.0 f1=1.00 pred='Mars'
[942/1400] id=f09586515a2044019052af9bf87096cf em=1.0 f1=1.00 pred='PepsiCo'
[943/1400] id=4fc6ad573cba408e933068e8d51cc444 em=1.0 f1=1.00 pred="Hodgkin's Disease"
[944/1400] id=c548b9c001f4403b88be2af3d566ef35 em=1.0 f1=1.00 pred='pigeons'
[945/1400] id=c9cf7304b2c84aebb6f9af8bfc2dac9d em=1.0 f1=1.00 pred='Earshot'
[946/1400] id=59d7d4ec3377454b9a5d8a63c4d67a29 em=1.0 f1=1.00 pred='American Revolution'
[947/1400] id=04d1b7f7695c403497dec7423a68a36c em=1.0 f1=1.00 pred='Friday Night Lights'
[948/1400] id=05bb48c9c9094f2f9374148f2756fd4f em=1.0 f1=1.00 pred='Ned Flanders'
[949/1400] id=f4c1aaec12fa4c61b379f1a9272d1ff4 em=1.0 f1=1.00 pred='Gossip'
[950/1400] id=82959bc544334b70819123eb60817b19 em=1.0 f1=1.00 pred='a la king'
[951/1400] id=6894daf9cdfe4d2081847134f34ea3fa em=1.0 f1=1.00 pred='drought'
[952/1400] id=c8b56dbe7602481199557313bf404b9f em=1.0 f1=1.00 pred='Halogens'
[953/1400] id=1dccbb3c4bc04d87a2dea2eb10cb996f em=1.0 f1=1.00 pred='Attila'
[954/1400] id=1b8886a267e04b48ab393f0703af9532 em=1.0 f1=1.00 pred='Sri Lanka'
[955/1400] id=aeb2c8943702445aac674889d64af7a0 em=1.0 f1=1.00 pred='Tennis'
[956/1400] id=ffa2d3fd7c8641d5b88780ab0c980057 em=1.0 f1=1.00 pred='Knickerbocker'
[957/1400] id=3a976786b4fd4a9a9da2119af1c28d36 em=0.0 f1=0.40 pred='Chocolate Crunch Cookie'
[958/1400] id=7b8f504bff1240bf983c7f28c50da9e4 em=1.0 f1=1.00 pred='Standard Time'
[959/1400] id=7d6bd0d727e54335be7c1c69886fc82f em=1.0 f1=1.00 pred='Sargasso Sea'
[960/1400] id=39f0fe99cde247619b4057d0084ba9e1 em=1.0 f1=1.00 pred='The Count of Monte Cristo'
[961/1400] id=8b68dfd9a467473897fa9d1434418267 em=1.0 f1=1.00 pred='Italy'
[962/1400] id=5cc9d4417dcb47ff90663dcc8546bcf2 em=1.0 f1=1.00 pred='Eddie Haskell'
[963/1400] id=3e27e48cd7ed4f828b1506c626917c3f em=1.0 f1=1.00 pred='to displace'
[964/1400] id=67848315b1fe4feabe12fd05d9de288a em=1.0 f1=1.00 pred='King Lear'
[965/1400] id=e4c43c28c96f40a893765744915965da em=0.0 f1=0.00 pred='Copacabana'
[966/1400] id=5a1069e2fa7342ee80f28ed79ef14db9 em=1.0 f1=1.00 pred='Oscar De La Hoya'
[967/1400] id=2bda147f9ebb430a8968ff5aae713585 em=1.0 f1=1.00 pred='Selma'
[968/1400] id=f1123b7bd1e94b98b4a1022070fb8479 em=1.0 f1=1.00 pred='Canton'
[969/1400] id=47a7a24cbbeb4cc980fc15aaedb03bf3 em=0.0 f1=0.00 pred='6'
[970/1400] id=197ee5401f554bcfbfce4dc751ec3343 em=0.0 f1=0.00 pred='Quarks'
[971/1400] id=89678f2e2fcf40eb8bf563880994add2 em=1.0 f1=1.00 pred='Winesburg, Ohio'
[972/1400] id=a6652c364b6e4e8db83b3e26b2dd1c1f em=0.0 f1=0.67 pred='11 A.D.'
[973/1400] id=2b49d26a7efb4a2c8159efbe3439e12b em=1.0 f1=1.00 pred='Daniel'
[974/1400] id=21938e691b2a412ebb7a3548209ecbcb em=1.0 f1=1.00 pred='Secretary of Defense'
[975/1400] id=152527eaf57e4c11991713d44c1dfa7f em=1.0 f1=1.00 pred='Bombs'
[976/1400] id=4fa03c33d4d2467096cb5159d9b32d0e em=1.0 f1=1.00 pred='Gifts'
[977/1400] id=74e7110ca4f149b1b1359cc75acd69e7 em=0.0 f1=0.67 pred='Gregor Mendel'
[978/1400] id=f84af13b9f8f4f3d95607952fb694e5a em=1.0 f1=1.00 pred='Rembrandt'
[979/1400] id=d8496e597ea843a386431d8baa798edb em=0.0 f1=0.00 pred='chinchillas'
[980/1400] id=6e1f69f84d5c442a89d09d578cd00ff7 em=1.0 f1=1.00 pred='Poker'
[981/1400] id=a757b55a3f83439db423887bd8143f90 em=1.0 f1=1.00 pred='Martina Navratilova'
[982/1400] id=37439a48301c4dcfa3a3ac80902c2e0b em=1.0 f1=1.00 pred='Aesop'
[983/1400] id=bd49e52726674480873c9f6528094f03 em=1.0 f1=1.00 pred='Dick Cheney'
[984/1400] id=05c45056631d408ea58b9008026e33a2 em=1.0 f1=1.00 pred='Charles Guiteau'
[985/1400] id=1d24871af6db449099d45e17b6341dcd em=0.0 f1=0.00 pred='three'
[986/1400] id=773848a7e56340a29b03a44794814582 em=1.0 f1=1.00 pred='Qatar'
[987/1400] id=276fe486a5ef4a809d2a36d07285a6f0 em=0.0 f1=0.00 pred='aide-de-camp'
[988/1400] id=a5473315502f4e198965fc83e7c263b0 em=1.0 f1=1.00 pred='Kiss Me, Kate'
[989/1400] id=b2890ea2eda540d1b74d36f4ef13ec76 em=1.0 f1=1.00 pred='Gibraltar'
[990/1400] id=29320213cd1d46d38ff39332227412bf em=1.0 f1=1.00 pred='Thomas Paine'
[991/1400] id=86acb5b661bd4724a5d404e5b17e6a46 em=1.0 f1=1.00 pred='bazooka'
[992/1400] id=46d2aa3ada6f4a5d8a499e4a5c07385e em=0.0 f1=0.67 pred='Amazon River'
[993/1400] id=4aa8fc7557fa4930b5e2e78a896b1084 em=1.0 f1=1.00 pred='Family Guy'
[994/1400] id=d8fc70c4924e4422859a7058f11a5f5a em=0.0 f1=0.67 pred='Repent ye'
[995/1400] id=a75f12ade8544e1a89f2d48ccc815a0d em=1.0 f1=1.00 pred='George Patton'
[996/1400] id=1a09c7ead5c7476cb80618a977ff8af3 em=1.0 f1=1.00 pred="M&M's"
[997/1400] id=1e7a668213c4433d8b7970a32e3c0af1 em=1.0 f1=1.00 pred='Iris'
[998/1400] id=abd5b61589364b07bbf7299c49e70e01 em=1.0 f1=1.00 pred="Who's Afraid of the Big Bad Wolf?"
[999/1400] id=8907263a3c0846469f4bba527c65c45c em=1.0 f1=1.00 pred='tail'
[1000/1400] id=113ad57d593f482e96e30af68b3aab9f em=1.0 f1=1.00 pred='Billings'
[1001/1400] id=fa215eac88e94be3ae508faecdf8e161 em=0.0 f1=0.00 pred='tandoor'
[1002/1400] id=80e6e7b117394115b0de70672b547307 em=1.0 f1=1.00 pred='Pop'
[1003/1400] id=d67c9156a9b04624910dea2f510f8047 em=1.0 f1=1.00 pred='Austria'
[1004/1400] id=884f995169b3419b888c6ad6e2f6bcd8 em=1.0 f1=1.00 pred='Edmund Fitzgerald'
[1005/1400] id=a064125fa3674c049e473e4d7c2afcd1 em=1.0 f1=1.00 pred='East of Eden'
[1006/1400] id=64a22f0e29224f86b10c0fa0928fa96c em=1.0 f1=1.00 pred='Cricket'
[1007/1400] id=d8833f3292614d978fbe84fe928fb138 em=1.0 f1=1.00 pred="The Hitchhiker's Guide to the Galaxy"
[1008/1400] id=8e31e394ac6c45c4acfeda5424aceb64 em=1.0 f1=1.00 pred='Colombia'
[1009/1400] id=18a6e062325242e58fa8a5cb5f3d2a32 em=1.0 f1=1.00 pred='governess'
[1010/1400] id=867f309535fc4b788320e6c2b23fd89e em=1.0 f1=1.00 pred='Van Morrison'
[1011/1400] id=e965f5490a7e48029a7c9dee649c6dcb em=0.0 f1=0.50 pred='Queen Margrethe II'
[1012/1400] id=efcc54e12eff4d83866b4f58c4b3df01 em=1.0 f1=1.00 pred="Fisherman's Wharf"
[1013/1400] id=aa87cb64b6f54159927506f28ec62f4e em=0.0 f1=0.67 pred='Pablo Picasso'
[1014/1400] id=5e838c1d51044e77ac345c32b2a8cfee em=0.0 f1=0.67 pred='Hanging Gardens'
[1015/1400] id=c128b8c91c024ab0a592dcda590a11f9 em=1.0 f1=1.00 pred='Ivan Lendl'
[1016/1400] id=bd104461e8ca4017aaacd928f8ae5784 em=1.0 f1=1.00 pred='ginger'
[1017/1400] id=238903697f2f4d3da4cf0e24a2761db0 em=0.0 f1=0.40 pred='The Cricket in Times Square'
[1018/1400] id=eb0fb0cca9684810ac6840dd9b8ebb91 em=1.0 f1=1.00 pred='Aleutian Islands'
[1019/1400] id=ab94aa55c6314e9b8af69bdfac48dadf em=1.0 f1=1.00 pred='Obscenity'
[1020/1400] id=419b76eb0c8c45568814af128c318830 em=1.0 f1=1.00 pred='Heel'
[1021/1400] id=6bff5f3522d84b2183e903e3157112c8 em=1.0 f1=1.00 pred='Novel'
[1022/1400] id=33117d6f9f5e412788148baef55f4b2c em=1.0 f1=1.00 pred='beans'
[1023/1400] id=e7071a0a197c471d8026449e74a9233e em=1.0 f1=1.00 pred='Beowulf'
[1024/1400] id=3d01568b168a4f0bb899e8b1c2239944 em=1.0 f1=1.00 pred='Ponies'
[1025/1400] id=1a4e5bce9bc940918d6635479d944d6d em=1.0 f1=1.00 pred='Michael Dell'
[1026/1400] id=c5b64798f0314be897a348c3196681ac em=1.0 f1=1.00 pred='David'
[1027/1400] id=7aced3eb67c74eba971a2530ce81074c em=1.0 f1=1.00 pred='Electoral College'
[1028/1400] id=9e1a028c042a43a4aad803789594d801 em=1.0 f1=1.00 pred='Dredge'
[1029/1400] id=f2bce9e28cdd43e6a888bafd35d47f1a em=0.0 f1=0.67 pred='Benjamin Disraeli'
[1030/1400] id=7292cdeca2b949a6bef8c03a9901f5a4 em=1.0 f1=1.00 pred='frog'
[1031/1400] id=3d4b3af120844bce9ee06e3fb56f2936 em=1.0 f1=1.00 pred='Sons of Liberty'
[1032/1400] id=10b15b8fe4324bd48b481506d0925863 em=1.0 f1=1.00 pred='Timon'
[1033/1400] id=5c562c75aa9f465587b466f96f47c930 em=1.0 f1=1.00 pred='Beer'
[1034/1400] id=c385599879b24c4abc06e53f98863d46 em=1.0 f1=1.00 pred='Celine Dion'
[1035/1400] id=d1c87cfadcda4e4a9c21fd93fd267ad8 em=1.0 f1=1.00 pred='Invisible Man'
[1036/1400] id=67488f8f226d4d278ed359cea5b80cf9 em=1.0 f1=1.00 pred='Pharmacist'
[1037/1400] id=61eddea900ce4ba4bf01cc9eb5b68736 em=1.0 f1=1.00 pred='Spanglish'
[1038/1400] id=12b51ad292af470ebd99f1d043357ebc em=0.0 f1=0.67 pred='Secretary of Health and Human Services'
[1039/1400] id=9615057cf59f4fa3a92da965e12c7a40 em=1.0 f1=1.00 pred='Hill Street Blues'
[1040/1400] id=8b090fa84d1744e9952401d6cacb09f6 em=1.0 f1=1.00 pred='Argentina'
[1041/1400] id=af3c4b517336436681e03e57ce731b31 em=1.0 f1=1.00 pred='Rosa Parks'
[1042/1400] id=972feb1557d445e098a9a0bc4c8080db em=1.0 f1=1.00 pred='windmills'
[1043/1400] id=d8eba1df0e5b45159283a1f457542c0f em=1.0 f1=1.00 pred='Napoleon'
[1044/1400] id=b643995b3c124c28b370cc483af30897 em=1.0 f1=1.00 pred='Yeardley Smith'
[1045/1400] id=40a28f0fbc384b16a4ccccecfa95d96a em=1.0 f1=1.00 pred='Polonaise'
[1046/1400] id=886f2801a4fc43b9adb3ab9f551555d4 em=0.0 f1=0.00 pred='marinades'
[1047/1400] id=a09c6188fae74726aed2bbf66ca193ce em=1.0 f1=1.00 pred='Carson City'
[1048/1400] id=140eb9010112494aad095739adb735d6 em=1.0 f1=1.00 pred='Brooklyn Bridge'
[1049/1400] id=80f499f83e834cc99e31318d31aeaf47 em=1.0 f1=1.00 pred='Phil Mickelson'
[1050/1400] id=b9aef446e8ca412bbcb69b8f94249dea em=1.0 f1=1.00 pred='Kentucky'
[1051/1400] id=fd1a54d5872246719e28ba3fab3f5e8d em=1.0 f1=1.00 pred='Poseidon'
[1052/1400] id=e72677bbc791425387075a3a7188230f em=1.0 f1=1.00 pred='Montana'
[1053/1400] id=b1fe478a71c943459dcf55119d6f3f4f em=1.0 f1=1.00 pred='Jennifer Lopez'
[1054/1400] id=ae072e1d30fa4694b14ff98e301fd768 em=1.0 f1=1.00 pred='repertoire'
[1055/1400] id=35ee959204c1457da47d572c5ffd92a6 em=0.0 f1=0.67 pred='South Korea'
[1056/1400] id=759f644fc9e34509b7b3c7e588a157cd em=1.0 f1=1.00 pred='The Sixth Sense'
[1057/1400] id=4abb0e9595604633a05a61c344d88b2d em=1.0 f1=1.00 pred='Red Lion'
[1058/1400] id=84fa5a0c7f7f42fc846f79589a14112f em=1.0 f1=1.00 pred='Sarah McLachlan'
[1059/1400] id=4e876d2abc10451483f9275829e780a0 em=1.0 f1=1.00 pred='Ron Howard'
[1060/1400] id=337965b613194614a282322ac5ad6cec em=1.0 f1=1.00 pred='Jenna Bush'
[1061/1400] id=3725ccc6e524405f81722ceffead540a em=1.0 f1=1.00 pred='John Wilkes Booth'
[1062/1400] id=8a67adbeab504bceadbcf5848e613469 em=1.0 f1=1.00 pred='Rudyard Kipling'
[1063/1400] id=b5ed7cbabbbb41949a7965e7a98ccb49 em=1.0 f1=1.00 pred='cereal'
[1064/1400] id=a1fff358ccfa4bf2b53a911e082e4cd3 em=1.0 f1=1.00 pred='You had me at hello'
[1065/1400] id=6eea972e7c134cadb65132643a906ba1 em=1.0 f1=1.00 pred='Vistula'
[1066/1400] id=a0f4f67f76034e49a4153768c89364da em=1.0 f1=1.00 pred='Fiorello LaGuardia'
[1067/1400] id=068575aee7224d4ab849f9d138731fdc em=1.0 f1=1.00 pred='heresy'
[1068/1400] id=eef234c3f1844fae80ba0c6820ef33a9 em=1.0 f1=1.00 pred='The Deer Hunter'
[1069/1400] id=ea8d2f98ab2b41329f96ffd259484819 em=1.0 f1=1.00 pred='Nanook'
[1070/1400] id=9ec6f9f9af044b988a7d21f9d2b88a20 em=1.0 f1=1.00 pred='United Nations'
[1071/1400] id=2f702f4dd2574c02addd404d82953d15 em=1.0 f1=1.00 pred='Bob Hope'
[1072/1400] id=a58acf29767e4b939a81581b60f3e215 em=1.0 f1=1.00 pred='All Quiet on the Western Front'
[1073/1400] id=c159edd48871458095d1bf54d7a50a5f em=0.0 f1=0.00 pred='Frank McCourt'
[1074/1400] id=1e08a80bcb084a368495349bfa155a1f em=1.0 f1=1.00 pred='Bully Pulpit'
[1075/1400] id=499b5f088dc14ce0a44b5f4cf7118616 em=0.0 f1=0.67 pred='Albert Einstein'
[1076/1400] id=cd52f29813ed467fa6b62b10895844d8 em=1.0 f1=1.00 pred='Martina Navratilova'
[1077/1400] id=44cd5c74a4544123a44553bd5faaa219 em=1.0 f1=1.00 pred='Brazil'
[1078/1400] id=dca3a642962b4b119f7aa555978dd41e em=1.0 f1=1.00 pred='Warsaw'
[1079/1400] id=2352016546794050829f1b07f25f9090 em=1.0 f1=1.00 pred='Home Improvement'
[1080/1400] id=f9d719fa59344d7c9b23952b5fb79989 em=1.0 f1=1.00 pred='Joe Hill'
[1081/1400] id=a0dea12493ec4f3fad8587be85e5d0e0 em=1.0 f1=1.00 pred='changelings'
[1082/1400] id=550812d86ec842d18632765827acb71c em=1.0 f1=1.00 pred='woodpecker'
[1083/1400] id=dcf0c2c053ad499faac8a13f71296557 em=1.0 f1=1.00 pred='The Lottery'
[1084/1400] id=d3205343ca1d4166b6cd70984408127f em=0.0 f1=0.80 pred='Sacco and Vanzetti'
[1085/1400] id=e01ccc8683af45998149ed184e896067 em=1.0 f1=1.00 pred='Christina Applegate'
[1086/1400] id=33c5b638c7c0474798042991babdb389 em=1.0 f1=1.00 pred='Jack Dempsey'
[1087/1400] id=1666f5c898ee4e7f83c8916ac0a1a369 em=1.0 f1=1.00 pred='Hercules'
[1088/1400] id=74aa3ba7ab104fe8bbcc426c64520d0f em=1.0 f1=1.00 pred='Barbarian'
[1089/1400] id=84024891efbf49308fd2fe87c30e396a em=1.0 f1=1.00 pred='Collie'
[1090/1400] id=791836977d0143509c7b8b00ccfae43d em=1.0 f1=1.00 pred='George Eliot'
[1091/1400] id=e5edc854c80343fe8fd747bb7bf31459 em=0.0 f1=0.67 pred='promissory note'
[1092/1400] id=265083cfc2bc481e8d8ed466bdb62543 em=1.0 f1=1.00 pred='Flickr'
[1093/1400] id=021a105fde2040e6878900394ac1fe98 em=1.0 f1=1.00 pred='Salvatore Ferragamo'
[1094/1400] id=bbb1f8afa57049488402d1d02e211878 em=1.0 f1=1.00 pred='berating'
[1095/1400] id=58b3523293b74ff7ad6037676aac940d em=1.0 f1=1.00 pred='Little Debbie'
[1096/1400] id=2d9a9efee3994717a1db7cf02e0f206d em=1.0 f1=1.00 pred='submarine'
[1097/1400] id=330fb4fb30c4475f85872be34c1d2117 em=1.0 f1=1.00 pred='Aunt Polly'
[1098/1400] id=a4b854f73b0644d1b72679fd808db834 em=0.0 f1=0.80 pred='Gerry and the Pacemakers'
[1099/1400] id=98e59cbf1c7047ecbf36b4b7382d3948 em=1.0 f1=1.00 pred='debts'
[1100/1400] id=87d2dfd838c94dd5b8462fa868edda8f em=1.0 f1=1.00 pred='Heaven Can Wait'
[1101/1400] id=3486bf0bc72d438b9627e2ec2b6ce4bb em=0.0 f1=0.67 pred='Heathrow Airport'
[1102/1400] id=e16de15cd4ce49ae9730d2d50de9f032 em=1.0 f1=1.00 pred="Burt's Bees"
[1103/1400] id=d43c698a4a4444c8a51ca58fea216d22 em=1.0 f1=1.00 pred='Val Kilmer'
[1104/1400] id=de3cc412c77c49d2b1c90c72b3e2c4f1 em=1.0 f1=1.00 pred='Deposit'
[1105/1400] id=0b43263922b84f66ab78b0df30dc751e em=1.0 f1=1.00 pred='Saturn'
[1106/1400] id=5291a269c9de4712b4900236eb4fe5d4 em=1.0 f1=1.00 pred='fox'
[1107/1400] id=d79569103b7740f0a5684e2ec335e6b5 em=1.0 f1=1.00 pred='Renaissance'
[1108/1400] id=19803226726c4e5592cc9584cc09c1ca em=1.0 f1=1.00 pred='Vietnam'
[1109/1400] id=73726187be7f46a0ab4e6a0a8e9ce810 em=1.0 f1=1.00 pred='Plumeria'
[1110/1400] id=fbd263a6701c48a8ba24cadff0542457 em=0.0 f1=0.50 pred='Daniel Gabriel Fahrenheit'
[1111/1400] id=327c1b33798e4afda8686955e302afaa em=1.0 f1=1.00 pred='Love'
[1112/1400] id=1d6d2c9e18184226911b9d16a97f3530 em=1.0 f1=1.00 pred='Sir Edmund Hillary'
[1113/1400] id=ea747bee47074bf980f47568a81425b1 em=1.0 f1=1.00 pred='gold'
[1114/1400] id=acbe0bdbebb0454c9b5a96a537e7b414 em=1.0 f1=1.00 pred='tortillas'
[1115/1400] id=7a8912ce2dd54b09b9bb42f96dc073b4 em=1.0 f1=1.00 pred='Tequila Sunrise'
[1116/1400] id=4b6ab1f198474d779f28bddbb79937a2 em=1.0 f1=1.00 pred='Ford'
[1117/1400] id=4b90f476ede9474aa7eb7e904961c163 em=1.0 f1=1.00 pred='Nightingale'
[1118/1400] id=bf17e4448a5a428593a1711cbc0c1feb em=1.0 f1=1.00 pred='Seven Samurai'
[1119/1400] id=53846a14ec1e49918818c1bcdcddd918 em=1.0 f1=1.00 pred='The Twilight Zone'
[1120/1400] id=3f4bc6026bc340d7bf286106d2381976 em=1.0 f1=1.00 pred='Benjamin'
[1121/1400] id=24d7105838f64c03a776555096791036 em=0.0 f1=0.67 pred='Rudyard Kipling'
[1122/1400] id=5be6164a777b48f4bd10f228f27fd1fb em=1.0 f1=1.00 pred='The Owl and the Pussycat'
[1123/1400] id=4641f3042c1746abb5c9ac68570e7d59 em=1.0 f1=1.00 pred='Canoe'
[1124/1400] id=4c2c3e9c647a45dda53707d3dc4513a5 em=0.0 f1=0.00 pred='Breckenridge'
[1125/1400] id=b43617fa1fc145e6809f24a7a652772c em=1.0 f1=1.00 pred='Fiddler on the Roof'
[1126/1400] id=ec6eb845b2034cc98fc4c430be032e7f em=1.0 f1=1.00 pred='Dustin Hoffman'
[1127/1400] id=4c66521b076449809cc45c46c834cebf em=1.0 f1=1.00 pred='a cricket'
[1128/1400] id=7f2457574fc74af697837b4a285a2d31 em=1.0 f1=1.00 pred='Pearl'
[1129/1400] id=e2fa62b96fda4696b30620f521123361 em=1.0 f1=1.00 pred='Benito Mussolini'
[1130/1400] id=23a78c52899941588ac23167674cce6a em=1.0 f1=1.00 pred='Netherlands'
[1131/1400] id=90f714b5b60c45cdaaa5a32865335619 em=1.0 f1=1.00 pred='Stamp Act'
[1132/1400] id=d89950b1a4264e0fb3790eea755d2f71 em=1.0 f1=1.00 pred='garlic'
[1133/1400] id=5e8058a7b16d43f485517f81ee3b4a3a em=1.0 f1=1.00 pred='Louis Rukeyser'
[1134/1400] id=fbabb7185c374402801f5257f49b5309 em=0.0 f1=0.00 pred='American Automobile Association'
[1135/1400] id=1d78dedb35da483aa19ae93ef984728c em=0.0 f1=0.67 pred='Right brain'
[1136/1400] id=e13ba717f9e54416bb61bfb665510cdd em=1.0 f1=1.00 pred='Stonehenge'
[1137/1400] id=dba14eb45c5b4a02814ad91361e35a36 em=1.0 f1=1.00 pred='Do'
[1138/1400] id=f1de564a1f2f4a6ca813f99b5b4e8bee em=1.0 f1=1.00 pred='cello'
[1139/1400] id=7b6534dc66d6458ebaac8ef00c98c7f5 em=1.0 f1=1.00 pred='Judi Dench'
[1140/1400] id=12ec5c93c19146fdbbeea0c8bbf650cd em=1.0 f1=1.00 pred='Gene Hackman'
[1141/1400] id=d702c769002043d08be0f9187d32ac74 em=1.0 f1=1.00 pred='Tasmania'
[1142/1400] id=75b567bfce2d483788f98ecb7472f47c em=0.0 f1=0.67 pred='Abraham Lincoln'
[1143/1400] id=78211f5b18e9465796b288ddda7768da em=0.0 f1=0.00 pred="a Bachelor's Degree and a Master's Degree in Accounting"
[1144/1400] id=d6bb04944a314e1eb2249f019cfac2f6 em=1.0 f1=1.00 pred='Gentlemen Prefer Blondes'
[1145/1400] id=1137531e97ba4657aa07c7a33e864378 em=1.0 f1=1.00 pred='Stephen Crane'
[1146/1400] id=bc098dd8220e474bb29845ce026fb599 em=1.0 f1=1.00 pred='Gateway'
[1147/1400] id=e8d79a2a8fe74e84bf6f81043f5e5641 em=1.0 f1=1.00 pred='Norway'
[1148/1400] id=8bc9e0ba6f914607960f73cd61bdd607 em=0.0 f1=0.00 pred='August von Wassermann'
[1149/1400] id=a51fee9868e746cfb2897294ccbf495b em=1.0 f1=1.00 pred='Jimmy Swaggart'
[1150/1400] id=f26047f9818a46b3a4e70a13f0ee2afe em=1.0 f1=1.00 pred='Dolley Madison'
[1151/1400] id=59ec0cf2e15944659c77b96d911ceab0 em=1.0 f1=1.00 pred='Syntax'
[1152/1400] id=273e54aff0a149e08852c43ca2c5ea89 em=0.0 f1=0.00 pred='orange flower water'
[1153/1400] id=1ab28a192f6e4b14a0071a741c9787e1 em=1.0 f1=1.00 pred='David'
[1154/1400] id=208fecbd8c5449c1bd1b0177453cf9b7 em=1.0 f1=1.00 pred='Max Planck'
[1155/1400] id=c05d9ada766347b4972e10b6534785f1 em=1.0 f1=1.00 pred='Hallmark'
[1156/1400] id=4e1a0a534af94137bb8bcf832c41339f em=1.0 f1=1.00 pred='Northern Exposure'
[1157/1400] id=1db6e2ef1adf4e80bde4fb0a65b4a94c em=1.0 f1=1.00 pred='Rose Hips'
[1158/1400] id=3bc29910565f4107b297185e7313c776 em=1.0 f1=1.00 pred='Louisiana'
[1159/1400] id=1c6179d329394b268eea8f552523b321 em=1.0 f1=1.00 pred='Ismene'
[1160/1400] id=959bab0d571f4f429d1c1923cb3855d7 em=1.0 f1=1.00 pred='Douglas MacArthur'
[1161/1400] id=a487a81f868c4dae9fabcf38497396d1 em=1.0 f1=1.00 pred='the Lincoln Tunnel'
[1162/1400] id=3d16c7b6ee554932b816c4da93f147f1 em=1.0 f1=1.00 pred='Endive'
[1163/1400] id=6fc666ad7c134435b8cf8fcf23f8125d em=1.0 f1=1.00 pred='Babe Ruth'
[1164/1400] id=6f5857f474d0451ea88b8d42218c5dc6 em=1.0 f1=1.00 pred='Erin Go Bragh'
[1165/1400] id=7902980ac783461d8f4d50274667d644 em=1.0 f1=1.00 pred='monogamist'
[1166/1400] id=4180c44eaf304a9a956122b8e8523ac6 em=1.0 f1=1.00 pred='Herbert Hoover'
[1167/1400] id=9d66eb57ab8a460381f2299472833c31 em=1.0 f1=1.00 pred='Oats'
[1168/1400] id=235ada881f2348ed80b6790a9cdf6415 em=1.0 f1=1.00 pred='University of Kansas'
[1169/1400] id=aa26349086304052b78f80d0bbbffd62 em=1.0 f1=1.00 pred='poll tax'
[1170/1400] id=ba71cadcf9904c98827906d1c71b9c2d em=1.0 f1=1.00 pred='Urban Outfitters'
[1171/1400] id=ba5604cc15714549b1887dda4c79ee1e em=1.0 f1=1.00 pred='Boz'
[1172/1400] id=43a169819bd049dab9e207b0422b733f em=1.0 f1=1.00 pred='Moonlighting'
[1173/1400] id=4e5f40aa1f284f6685174a757e1931ad em=0.0 f1=0.80 pred='Jacob and Esau'
[1174/1400] id=135b71ec2d6f4f718913298108dcd76b em=1.0 f1=1.00 pred='City Slickers'
[1175/1400] id=bd838a345ffe4ec9bf4cf009757b432d em=0.0 f1=0.33 pred='a lake in Osceola County, Florida'
[1176/1400] id=5b4ee5101c9847c68cacae79a5ddaf0a em=0.0 f1=0.00 pred='Hartford'
[1177/1400] id=249f4c256b544aeabfb919547d7f5969 em=1.0 f1=1.00 pred='Prehensile'
[1178/1400] id=550a165ae0c647848de379bee1e01e93 em=1.0 f1=1.00 pred='Resuscitation'
[1179/1400] id=8ead639f93fc46acb2b2761fc7689641 em=1.0 f1=1.00 pred='Catherine of Aragon'
[1180/1400] id=460bc426e17b4230a01b3c46c9de3b1c em=1.0 f1=1.00 pred='Bangkok'
[1181/1400] id=682e265ba77543ec884da14042e3ac90 em=0.0 f1=0.00 pred='Slim'
[1182/1400] id=06c9760491af4b67ab944157736a1d37 em=1.0 f1=1.00 pred='e'
[1183/1400] id=f6ceae406d594d36865f739600922848 em=1.0 f1=1.00 pred='St. Francis of Assisi'
[1184/1400] id=1d4b08ca62204b51b18519d5f7ef66f6 em=1.0 f1=1.00 pred='Goodyear'
[1185/1400] id=ee7665e36cc34a67ba02ba0b1d8a7bcc em=1.0 f1=1.00 pred='AT&T'
[1186/1400] id=8cec7fcf760149dfb56506296bb3dbbb em=0.0 f1=0.00 pred='Texas Rangers'
[1187/1400] id=a75a2c793da5402a830e01de7f154cc0 em=1.0 f1=1.00 pred='Billy Idol'
[1188/1400] id=258ba1332823434980ec88d9ae9e6296 em=1.0 f1=1.00 pred='Harold Macmillan'
[1189/1400] id=ce8c2511f6a2487995e557418f159efb em=1.0 f1=1.00 pred='Marsupials'
[1190/1400] id=5eaf2421079b4899a10cbee96d2cee23 em=1.0 f1=1.00 pred='Patrick Dempsey'
[1191/1400] id=9a291c44fa1a4d78af5ffdeca1928abd em=1.0 f1=1.00 pred='March'
[1192/1400] id=0def91a119864db7b82f8988d40fa07a em=1.0 f1=1.00 pred='jimmy'
[1193/1400] id=7ba7634b50af453eb2d560bf6c4bb791 em=1.0 f1=1.00 pred='South Africa'
[1194/1400] id=889a04db874a42f199b597a5f4708bcd em=1.0 f1=1.00 pred='Death'
[1195/1400] id=39442a5c0c614514b0221df11489fef3 em=1.0 f1=1.00 pred='carbon dioxide'
[1196/1400] id=35ed2ae3d74d461996decc596476332d em=1.0 f1=1.00 pred='Burning bush'
[1197/1400] id=d94eac11cc30427fac64da9184a9fa41 em=1.0 f1=1.00 pred='Sacha Baron Cohen'
[1198/1400] id=87e2674ce8d84e098f2f768e294d74e3 em=1.0 f1=1.00 pred='Luxembourg'
[1199/1400] id=1d2807eaaa88446189a53b419b218704 em=1.0 f1=1.00 pred='Russia'
[1200/1400] id=b1c0c65c74c24c259b951d6a0d48d561 em=1.0 f1=1.00 pred='Roberto Clemente'
[1201/1400] id=626b5316c9e14300b27596c27e1a5c7b em=1.0 f1=1.00 pred='Quiver'
[1202/1400] id=d9ea918c55124d12aaa071e29e6c1e28 em=1.0 f1=1.00 pred='Croque Madame'
[1203/1400] id=83e227fab836438b9c23a5eabee3f985 em=1.0 f1=1.00 pred='Samuel Morse'
[1204/1400] id=a6ad95f3074e479facf2421462d3f240 em=1.0 f1=1.00 pred='Maryland'
[1205/1400] id=8e8417cee60d41d8bcaab2602c2f6808 em=1.0 f1=1.00 pred='Michael Jordan'
[1206/1400] id=d80763e7226c4f61b747fc7525be2b9e em=1.0 f1=1.00 pred='Austria'
[1207/1400] id=0c689092f8f44ff995d71ba883c6791e em=1.0 f1=1.00 pred='Sundance Kid'
[1208/1400] id=0d267ecf2d3e4b4499a98671ae7e31ff em=0.0 f1=0.00 pred='The Stand'
[1209/1400] id=e2d39b4356ea455fb10eed85deda8040 em=0.0 f1=0.67 pred='Marlon Brando'
[1210/1400] id=d64533a9d99740d3a80b43bf66e34ac2 em=1.0 f1=1.00 pred='Los Angeles Times'
[1211/1400] id=6dc7354a878e434f999c5f540d943bbb em=1.0 f1=1.00 pred='a war'
[1212/1400] id=582bb618fff14b64bff4fe76b41792ad em=1.0 f1=1.00 pred='Croatia'
[1213/1400] id=eec2fd38adce4af1a7c28c7ed67a1e1a em=1.0 f1=1.00 pred='Michigan'
[1214/1400] id=dff359c841e6483e8c5ab98bce20fc29 em=0.0 f1=0.00 pred='Free fall'
[1215/1400] id=5299ec94dfd7479b83743a56d5f563da em=1.0 f1=1.00 pred='Picabo Street'
[1216/1400] id=8361a9df6ddf4364a8299dc8026e7747 em=1.0 f1=1.00 pred='Punch & Judy'
[1217/1400] id=5348edf0674f4896956056dd6ce97675 em=1.0 f1=1.00 pred='Lullaby'
[1218/1400] id=23a9f0f9823f4c6ba66163b1652a6b05 em=1.0 f1=1.00 pred='Rhapsody'
[1219/1400] id=4674a33a917041a3abfa3251b52665b7 em=1.0 f1=1.00 pred='Ark of the Covenant'
[1220/1400] id=d3b1dec56b024c339380693b31ae4930 em=0.0 f1=0.67 pred='Administrative Professionals Day'
[1221/1400] id=8a5053cc7aca4cd1a5ffda77ddb5ce9a em=1.0 f1=1.00 pred='Wayne Gretzky'
[1222/1400] id=cc847264086e4567aacc1f8062666dde em=1.0 f1=1.00 pred='Istanbul'
[1223/1400] id=c6b75f3d0e3247aca276bac0180e28ad em=1.0 f1=1.00 pred='Peter the Great'
[1224/1400] id=9baa6e227fc843eaa3aae5983ef9424a em=1.0 f1=1.00 pred='wheelbarrow'
[1225/1400] id=15c144e4d19d4ccaacecdf41d55cc6cc em=1.0 f1=1.00 pred='Vladivostok'
[1226/1400] id=574cafa1c08f45888c669417d5605c91 em=1.0 f1=1.00 pred='Guy Fawkes'
[1227/1400] id=676039c9bae441ceb21198523bf6e920 em=1.0 f1=1.00 pred='Win, Lose or Draw'
[1228/1400] id=5d88f1541dc44bfbb209a1b38da8f0c5 em=1.0 f1=1.00 pred='Creation'
[1229/1400] id=07073c3e2de94a46a90014f980f6eb36 em=0.0 f1=0.50 pred='Richard Durbin'
[1230/1400] id=6d5a1caf360b4cc4af48f703ac98bea6 em=0.0 f1=0.00 pred='Dr. Irina Spalko'
[1231/1400] id=29b16038d8d842b8911d0c6cda23ee03 em=1.0 f1=1.00 pred='Hanson'
[1232/1400] id=65b73d8b6bb447a5aa7a83be192a3caa em=1.0 f1=1.00 pred='Cesare Borgia'
[1233/1400] id=e306bcb045c3479280aae5c54c7fc0a1 em=0.0 f1=0.80 pred='H Henry VIII'
[1234/1400] id=a054243caf0a49b59814afdb8d715755 em=0.0 f1=0.67 pred='Paul Gauguin'
[1235/1400] id=f76941e170a44d948c25ceb88c18557b em=1.0 f1=1.00 pred='May'
[1236/1400] id=1cde9fe2c8f9435aa48e34c4470bba4a em=1.0 f1=1.00 pred='Sarah Bernhardt'
[1237/1400] id=9f7ab33db32d405c808a2a9479086e06 em=1.0 f1=1.00 pred='jack'
[1238/1400] id=2989bc1f17274269ab803d3035267289 em=1.0 f1=1.00 pred='Porcelain'
[1239/1400] id=736d549bc5a343c1a16e4b0a95895c72 em=1.0 f1=1.00 pred='The Lorax'
[1240/1400] id=73f0dd252a6c4ea994872f064611aa27 em=0.0 f1=0.50 pred='Council of Better Business Bureaus'
[1241/1400] id=d1888a2614b147eeb2957960ac521fe1 em=1.0 f1=1.00 pred='Tennessee'
[1242/1400] id=473fd0c2989541d7818aa50866c02941 em=1.0 f1=1.00 pred='Swelling'
[1243/1400] id=113ef1dcda894e588b26f9e31a1be728 em=0.0 f1=0.00 pred='Fraternal lodge'
[1244/1400] id=10f7141925ef42e2bad2689c5e9c0eda em=1.0 f1=1.00 pred='Pituitary gland'
[1245/1400] id=5b6144764a754301808a9375717cad70 em=1.0 f1=1.00 pred='high jump'
[1246/1400] id=2f6470a0709b4fd3a29d7a0a2fd89df2 em=1.0 f1=1.00 pred='Red Grange'
[1247/1400] id=a94000ad11e442f898abfb5d3bd5e1fe em=0.0 f1=0.00 pred='Thomas R. Marshall'
[1248/1400] id=b5449c84277b434398372a0c84965db3 em=1.0 f1=1.00 pred='Aleph'
[1249/1400] id=1a5f20f916df46fdb63bc3469336056e em=1.0 f1=1.00 pred='Hotel California'
[1250/1400] id=9ad3ddc83fcd44078bdecf5310945776 em=1.0 f1=1.00 pred='Glitter'
[1251/1400] id=cade297c16cc4381b27843c523b0c43c em=1.0 f1=1.00 pred='Memphis Belle'
[1252/1400] id=e7f1885a07d94efbbebe04829106830c em=1.0 f1=1.00 pred='Dalmatian'
[1253/1400] id=5a42df77817c483ab33e7e25cd1ed18e em=0.0 f1=0.67 pred='fur seal'
[1254/1400] id=60b000db8da6444098b74c01cc1eb0e2 em=1.0 f1=1.00 pred='Riding in Cars with Boys'
[1255/1400] id=7ee3c5d3e0774f0b9a983092d4409d7f em=1.0 f1=1.00 pred='canticle'
[1256/1400] id=c2f98462f1334e018aedf02dee8e4313 em=1.0 f1=1.00 pred='Oh, God!'
[1257/1400] id=98c0e02584b04c36927b5cb2a4dd1677 em=1.0 f1=1.00 pred='Benazir Bhutto'
[1258/1400] id=b4438c6b6b514aa4a1981bef9d30b21f em=1.0 f1=1.00 pred='Jersey Joe'
[1259/1400] id=22f37f01b06d4413af29385abf55c2d3 em=1.0 f1=1.00 pred='30'
[1260/1400] id=bb3d2564665c46e2a30f97a7d5eae18f em=1.0 f1=1.00 pred='Amun'
[1261/1400] id=8ed57f5c2ea64cf9b3d62d346ca092e4 em=1.0 f1=1.00 pred='Aaron Copland'
[1262/1400] id=96a445e4c32e496baea79636db8eccb9 em=1.0 f1=1.00 pred='Buckingham Palace'
[1263/1400] id=f0ce0795002b414387a0a2fdd3e8719a em=1.0 f1=1.00 pred='-phile'
[1264/1400] id=647e28cc0a244bed847c249d6e8da4f4 em=1.0 f1=1.00 pred="Barber's pole"
[1265/1400] id=8fc577b2c9a24ab1bce297bad2408a47 em=0.0 f1=0.80 pred='Johns Hopkins University'
[1266/1400] id=7a21823438ee4da494e7e27783ef2d42 em=1.0 f1=1.00 pred='Pole vault'
[1267/1400] id=ced61a206d8343fb937e03fd2e76a5ba em=1.0 f1=1.00 pred='mercury'
[1268/1400] id=ddb9ebc2b0824145a5a1561d3e303ac0 em=0.0 f1=0.67 pred='Augusta'
[1269/1400] id=00b991d41226417bb77c2825488baac5 em=1.0 f1=1.00 pred='Sierra Leone'
[1270/1400] id=e10044cc3cae45608f6bdaf58005a26f em=1.0 f1=1.00 pred='Agra'
[1271/1400] id=981894e1f0174f148bfc896cc6c37c38 em=1.0 f1=1.00 pred='Cape Town'
[1272/1400] id=48ae0009527a4ba0842cf64a51233faf em=1.0 f1=1.00 pred='Gestation'
[1273/1400] id=5d0101c39a8f4b0390277b73d6ca4005 em=0.0 f1=0.00 pred='Franklin D. Roosevelt'
[1274/1400] id=287dfdc1112d49139b699e77a743cdbf em=1.0 f1=1.00 pred='IKEA'
[1275/1400] id=03a705842c15434283a4f09f89b8b553 em=1.0 f1=1.00 pred='Mexico'
[1276/1400] id=7cb802714cea406aa9c35601bb1b2c23 em=1.0 f1=1.00 pred='Conversation'
[1277/1400] id=fc7bfd85bc0249a8a29c7eb20eb47a7e em=1.0 f1=1.00 pred='Angels in America'
[1278/1400] id=7a004527051f4f59ba6f9026620091ed em=1.0 f1=1.00 pred='Bering Strait'
[1279/1400] id=faa49d92b4c0411590608ab3ff7dbd72 em=1.0 f1=1.00 pred='Cleveland'
[1280/1400] id=9c037da132884b05be6639477d52a0fc em=1.0 f1=1.00 pred='Tiger Woods'
[1281/1400] id=9a87943f79f1420f80727b05bb2372de em=1.0 f1=1.00 pred='Lebanon'
[1282/1400] id=f6ca20337fba45df808efe56587cd5d5 em=0.0 f1=0.67 pred='Scripps National Spelling Bee'
[1283/1400] id=fe6e92dd15c0429b9204c0ab231039a9 em=1.0 f1=1.00 pred='Marsalis'
[1284/1400] id=fc7d5b5ff10649fb9d504f8c18c074b7 em=1.0 f1=1.00 pred='The Apprenticeship'
[1285/1400] id=87885977c8e54c77a529f34c3b03411d em=1.0 f1=1.00 pred='algae'
[1286/1400] id=9f05e19748384eacbb1a707586954726 em=1.0 f1=1.00 pred='South America'
[1287/1400] id=8d044f3c240847d2862aa7e0d73bd9d8 em=1.0 f1=1.00 pred='George Orwell'
[1288/1400] id=8d987ccf45474bd89253c283b0a2afbf em=0.0 f1=0.67 pred='Judas Iscariot'
[1289/1400] id=502fb1bae3ee4cbca89cd9f27ea336ad em=1.0 f1=1.00 pred='Warsaw'
[1290/1400] id=6f4ec63343fb46d0bf9b7a16802285d5 em=1.0 f1=1.00 pred='removed'
[1291/1400] id=678a7691bb3e4274b624af40ef488b03 em=1.0 f1=1.00 pred='My Brilliant Career'
[1292/1400] id=934bccc0b59a4d75b6562ed5649c8985 em=0.0 f1=0.00 pred='Islands'
[1293/1400] id=4eb0744e8d644b80b94a1344a84859eb em=1.0 f1=1.00 pred='Eternity'
[1294/1400] id=5f64cb16a5fe4ae59f115abb613a344f em=1.0 f1=1.00 pred='After all, tomorrow is another day!'
[1295/1400] id=04ee94462305470b987a01d6405e159a em=1.0 f1=1.00 pred='Netflix'
[1296/1400] id=ee64d64641884a29968d0d62af120707 em=1.0 f1=1.00 pred='Banquo'
[1297/1400] id=9bb18f3c66b44057947371fa8d185a1e em=1.0 f1=1.00 pred='Sharpener'
[1298/1400] id=c34e279373b949cf8e2c881dacec6171 em=1.0 f1=1.00 pred='Force'
[1299/1400] id=3ab1af1d409a4e1197e5b6e07b1c71a4 em=0.0 f1=0.50 pred='Grambling State University'
[1300/1400] id=fd8a452315f149bca027943bf51dc942 em=1.0 f1=1.00 pred='TRESPASSING'
[1301/1400] id=86bff10296aa4a27a1fc0b4952c4d0c9 em=1.0 f1=1.00 pred='Google'
[1302/1400] id=6996fbc6972043ce9f7e0cf90a55b30c em=1.0 f1=1.00 pred='Stomp the Yard'
[1303/1400] id=f75e4eca3b14449d915798485cc51c27 em=1.0 f1=1.00 pred='Pens'
[1304/1400] id=59a121a02d124bfe84f296faf536ec34 em=1.0 f1=1.00 pred='churrasco'
[1305/1400] id=74788324a10444caa373c6c132264ef1 em=1.0 f1=1.00 pred='Alice'
[1306/1400] id=94289b1fd355402ebb4bea3a9f6c0aaa em=1.0 f1=1.00 pred='Brigham Young'
[1307/1400] id=6b68a6dadf3d4c1fa91721ee57730bdb em=1.0 f1=1.00 pred='Banquet'
[1308/1400] id=6de37e27f88c44f291990360bf815f5a em=0.0 f1=0.00 pred='Windows'
[1309/1400] id=0b57ee37f76e4aedadcf30f3f3f64065 em=0.0 f1=0.00 pred='Asteroids'
[1310/1400] id=eda12d2897b048d29d06e154139b5247 em=1.0 f1=1.00 pred='Wikipedia'
[1311/1400] id=0c78abcb5f1a4f029167c156ac56b000 em=1.0 f1=1.00 pred='Battle of New Orleans'
[1312/1400] id=b10f01cf02e04443a3de620e24f5f86c em=0.0 f1=0.40 pred='Honda sport utility truck'
[1313/1400] id=3a649663c9c24c5f990723e9ffce087e em=1.0 f1=1.00 pred='Gandhi'
[1314/1400] id=c2b851b5ff944169af497fcfcc7b5df5 em=1.0 f1=1.00 pred='Jordan'
[1315/1400] id=e5e77a9058cc4bf7a92c6a911601f701 em=1.0 f1=1.00 pred='Tom Jones'
[1316/1400] id=3b118e16845f4c09a5c0ad28fa40b006 em=0.0 f1=0.00 pred='2016'
[1317/1400] id=300801d48f2f4d8088876d6a3061b3aa em=0.0 f1=0.00 pred='a traditional Spanish lace or silk veil or shawl worn over the head and shoulders'
[1318/1400] id=35001a53f50d46cea48df347c4179128 em=1.0 f1=1.00 pred='Grateful Dead'
[1319/1400] id=469ccca2f4df48c5bb1322f6ee1f5ae2 em=1.0 f1=1.00 pred='Russia'
[1320/1400] id=5eb5d29e6f8f4ee6bb8c46f30b20bb90 em=1.0 f1=1.00 pred='Eliza Doolittle'
[1321/1400] id=6abaa808578a4e3fa8eebf0fb4746524 em=0.0 f1=0.00 pred='heartlight'
[1322/1400] id=428de1f33b694736b48478c9fa3d9c90 em=1.0 f1=1.00 pred='South Bend'
[1323/1400] id=10b4abb550ca406c8d4e33c9cff31fe2 em=1.0 f1=1.00 pred='Orange County'
[1324/1400] id=d95d8625d0334f89915ee105b9e34b4d em=1.0 f1=1.00 pred='curtsy'
[1325/1400] id=4edb4e2bad214db8978b50448dc480d2 em=1.0 f1=1.00 pred='Apathy'
[1326/1400] id=86d1ce36f5eb4b5f9d5a2f444e0d3410 em=1.0 f1=1.00 pred='Austria'
[1327/1400] id=8ce3c7071ee34ee7858f30496106e859 em=1.0 f1=1.00 pred='Battle of Crecy'
[1328/1400] id=73bbbb3357304ec28774176d9745f8a0 em=1.0 f1=1.00 pred='Montana'
[1329/1400] id=3706087847e5422f8271b5ef961601f3 em=1.0 f1=1.00 pred='Shannen Doherty'
[1330/1400] id=708b4a8bae5249be828bd88d87df1881 em=0.0 f1=0.80 pred='Johann Strauss II'
[1331/1400] id=c687496e98c74437bbc4b8bf606ac072 em=1.0 f1=1.00 pred='Sarah Bernhardt'
[1332/1400] id=1d8e752954e74f6eb7e718011414d6d7 em=0.0 f1=0.67 pred='Boy Scouts of America'
[1333/1400] id=e479559a0b7b47789e1d5293852e6994 em=1.0 f1=1.00 pred='PRECIPITATION'
[1334/1400] id=dee7957065c94ee090d39bdf0373ef9a em=1.0 f1=1.00 pred='Vimy Ridge'
[1335/1400] id=d929253bd8954a849dfc86401d878d1f em=1.0 f1=1.00 pred='the British Shorthair'
[1336/1400] id=465d7e4fc1b840c7af24faea67493152 em=1.0 f1=1.00 pred='Greenwich Village'
[1337/1400] id=113920ea62314360be6016cd2157ec4b em=1.0 f1=1.00 pred='1914'
[1338/1400] id=95cf345e73974f0d88a4b8cc672d87f3 em=0.0 f1=0.67 pred='Nikola Tesla'
[1339/1400] id=1e2d37008d46461abe1a480c9e63bb2e em=1.0 f1=1.00 pred='Olga Korbut'
[1340/1400] id=8344454542d649fd92f5bf7b046d4bed em=1.0 f1=1.00 pred='Penn Station'
[1341/1400] id=4d5e0dea4f574ac187add806d1714a0e em=1.0 f1=1.00 pred='James Thurber'
[1342/1400] id=70202b1963a545e7ba8ebeea2b589c32 em=1.0 f1=1.00 pred='Margaret Mitchell'
[1343/1400] id=7793a82070884d96b11e47e8a1b5a7d7 em=1.0 f1=1.00 pred='Wilbur'
[1344/1400] id=8e11057543334656906b81118a19a735 em=1.0 f1=1.00 pred='The Mousetrap'
[1345/1400] id=e6cd02bc72bc4037b1c570a31c78e8d2 em=1.0 f1=1.00 pred='Prego'
[1346/1400] id=328b8c0bf3f041cc8aac9d6e641c6d02 em=1.0 f1=1.00 pred='CN Tower'
[1347/1400] id=7ec750061ca34bbc927c07fd28f2cefa em=1.0 f1=1.00 pred='December'
[1348/1400] id=3024323c6138434d9f1662affb9fb692 em=1.0 f1=1.00 pred='Rihanna'
[1349/1400] id=082c96ededd84d999e08d466a87df5b2 em=1.0 f1=1.00 pred='Libya'
[1350/1400] id=56f8ab13e599488db9ea7da6506dd22b em=1.0 f1=1.00 pred='high and dry'
[1351/1400] id=671f3c2e406f4ca7b41cb69fefe72e66 em=1.0 f1=1.00 pred='Pinocchio'
[1352/1400] id=e57213c97d9541dc97988ec38f544b3c em=0.0 f1=0.50 pred='Madden NFL'
[1353/1400] id=fa792aca44234b2ba8410edfad4fe8d4 em=1.0 f1=1.00 pred='Dreamgirls'
[1354/1400] id=03ff0bfba1e441cb952c5e96e081cd95 em=1.0 f1=1.00 pred='Jamaica'
[1355/1400] id=2851247e64e74637a690f20a08320673 em=1.0 f1=1.00 pred='Hugo Chavez'
[1356/1400] id=498bd3a0553c45aeaea0c0aff24ffdb6 em=0.0 f1=0.00 pred='Tim Burton'
[1357/1400] id=d4162c20a5414f1c83e112b7d4f484b1 em=1.0 f1=1.00 pred='Maria Full of Grace'
[1358/1400] id=8fe10b939ea84d8abd2b64b409aa6d75 em=1.0 f1=1.00 pred='Condor'
[1359/1400] id=5a2b64d258194300b61e72edc4e56190 em=1.0 f1=1.00 pred='Sting'
[1360/1400] id=aced03563b4b43af889b1dfbeea8930c em=1.0 f1=1.00 pred='Afrikaans'
[1361/1400] id=bf73afe8bee84b3bbe542b2b88e4f8d8 em=1.0 f1=1.00 pred='League of Nations'
[1362/1400] id=5793a138742e4e3d941703f36e07f1d6 em=1.0 f1=1.00 pred='Watercolor'
[1363/1400] id=1027da416e6845f7b2dc1ec382291283 em=1.0 f1=1.00 pred='thy bread'
[1364/1400] id=f8388135f4164e7c9b638736e6dbe2ea em=1.0 f1=1.00 pred='James Garner'
[1365/1400] id=648a3e22947944589f67270b3bf39e5b em=1.0 f1=1.00 pred='Israel'
[1366/1400] id=6ac7b9d73a2b4571b40b686fd84cda6c em=1.0 f1=1.00 pred='Ford'
[1367/1400] id=7aefedbe5511421bacbdb9d6d5bd94e2 em=1.0 f1=1.00 pred='Alexandre Dumas'
[1368/1400] id=08643f2395a442048048c00a198ffff0 em=1.0 f1=1.00 pred='modem'
[1369/1400] id=09fb31b2ca0042ca8fc523353e633341 em=1.0 f1=1.00 pred="A Connecticut Yankee in King Arthur's Court"
[1370/1400] id=56ecfbae1dcb45f0bff6b57741549963 em=0.0 f1=0.00 pred='Funk'
[1371/1400] id=60f4ea1efa2c412a86b4739a9b046439 em=1.0 f1=1.00 pred='Herman Melville'
[1372/1400] id=5ff5cbfe8f2b43ac9f83e280fd971805 em=1.0 f1=1.00 pred='rum'
[1373/1400] id=a5d2e623e6c84312b5fe863872fbce1c em=1.0 f1=1.00 pred='Amsterdam'
[1374/1400] id=8c9fb9585a8a4fea9fcbc4354bb8d103 em=1.0 f1=1.00 pred='Warren & Tonya Harding'
[1375/1400] id=a8648c93b9b0446f8ddeb9c823a713cf em=0.0 f1=0.00 pred='Pip'
[1376/1400] id=b697e6d84196496d8edf419d5fa91c5c em=1.0 f1=1.00 pred='Alaska'
[1377/1400] id=e39d19a65521470fa0a20de46fe730c0 em=1.0 f1=1.00 pred='Pfizer'
[1378/1400] id=0262ecde89394a1594fe54ed6de67d5d em=1.0 f1=1.00 pred='Richard Branson'
[1379/1400] id=93c5050360564c80b95382bc27b44fb7 em=0.0 f1=0.67 pred='Rudolf Nureyev'
[1380/1400] id=bae1026af636465dbd8a49333f7c831e em=1.0 f1=1.00 pred='Super Size Me'
[1381/1400] id=e7304dd4e7914bdfbb2b912691b84422 em=1.0 f1=1.00 pred='Marco Polo'
[1382/1400] id=1f75dbd11b634d259b8e74de03011324 em=0.0 f1=0.67 pred='Richard Nixon'
[1383/1400] id=fbe47ed4a64c4659a4b0ea00be4d94b9 em=1.0 f1=1.00 pred='water'
[1384/1400] id=4b6b4fd437ea490f9c7064152fd5dcac em=1.0 f1=1.00 pred='The Last Remake of Beau Geste'
[1385/1400] id=7a903a18b8e44df0bc6b8af86c7e4bf8 em=1.0 f1=1.00 pred='copper'
[1386/1400] id=a382ca2b34114134b632096cc1687285 em=1.0 f1=1.00 pred='Mont Blanc'
[1387/1400] id=7a5fb1ab2110493a8d592d19360934d2 em=0.0 f1=0.57 pred='Capital of Bosnia and Herzegovina'
[1388/1400] id=2ecea5a42dd645ac8d8c0fb34920a228 em=1.0 f1=1.00 pred='Caldera'
[1389/1400] id=a66e9943b68245029ef11c7874193702 em=1.0 f1=1.00 pred='Stigma'
[1390/1400] id=ed13c6c4f99a466abae80756060d24b0 em=1.0 f1=1.00 pred='Aqueduct'
[1391/1400] id=3be35a549dce4bf090544d80e41457ed em=1.0 f1=1.00 pred='Hope chest'
[1392/1400] id=81218a8ee1b04b7d879451985591f6fa em=1.0 f1=1.00 pred='Heptathlon'
[1393/1400] id=77baa9369e3142f1a7884b426030dac0 em=1.0 f1=1.00 pred='The Big Sleep'
[1394/1400] id=733fbb4bb2984bb4bf23569014902ff5 em=1.0 f1=1.00 pred='1997'
[1395/1400] id=5c63c75dfa8f4d4cad5bccf467ec9f9c em=1.0 f1=1.00 pred='Big Sky Conference'
[1396/1400] id=cff206087af64daeb2f1d2775346610b em=0.0 f1=0.67 pred='Indiana counties'
[1397/1400] id=ebe62a81dd104541971b10c5a5564d20 em=0.0 f1=0.80 pred='Motor Voter Law'
[1398/1400] id=d6ba8697e6694769a0ed824a7df27252 em=0.0 f1=0.00 pred='Golfers'
[1399/1400] id=aa3c5dbe762f4e359842e588b8ae47e9 em=0.0 f1=0.00 pred='Henley-on-Klip'
[1400/1400] id=c9c3ac27321f436cb35d16796c19d8a6 em=0.0 f1=0.00 pred='prize'

==== Summary ====
{
  "n_items": 1400,
  "agent_ok": 1400,
  "agent_failed": 0,
  "em": 0.8157,
  "f1": 0.8923,
  "sub_em": 0.925,
  "usage": {
    "prompt_tokens": 3566431,
    "completion_tokens": 913169,
    "api_calls": 0,
    "api_errors": 0
  }
}

Saved to experiments/judgestudy/candidates/judge_step6
 f1=0.67 pred='Administrative Professionals Day'
[1217/1400] id=0c689092f8f44ff995d71ba883c6791e em=1.0 f1=1.00 pred='Sundance Kid'
[1218/1400] id=15c144e4d19d4ccaacecdf41d55cc6cc em=1.0 f1=1.00 pred='Vladivostok'
[1219/1400] id=6dc7354a878e434f999c5f540d943bbb em=1.0 f1=1.00 pred='a war'
[1220/1400] id=eec2fd38adce4af1a7c28c7ed67a1e1a em=1.0 f1=1.00 pred='Michigan'
[1221/1400] id=8361a9df6ddf4364a8299dc8026e7747 em=1.0 f1=1.00 pred='Punch & Judy'
[1222/1400] id=574cafa1c08f45888c669417d5605c91 em=1.0 f1=1.00 pred='Guy Fawkes'
[1223/1400] id=9baa6e227fc843eaa3aae5983ef9424a em=1.0 f1=1.00 pred='wheelbarrow'
[1224/1400] id=6d5a1caf360b4cc4af48f703ac98bea6 em=0.0 f1=0.00 pred='Irina Spalko'
[1225/1400] id=8ead639f93fc46acb2b2761fc7689641 em=1.0 f1=1.00 pred='Catherine of Aragon'
[1226/1400] id=dff359c841e6483e8c5ab98bce20fc29 em=0.0 f1=0.00 pred='Free fall'
[1227/1400] id=5348edf0674f4896956056dd6ce97675 em=1.0 f1=1.00 pred='Lullaby'
[1228/1400] id=5b6144764a754301808a9375717cad70 em=1.0 f1=1.00 pred='high jump'
[1229/1400] id=676039c9bae441ceb21198523bf6e920 em=1.0 f1=1.00 pred='Win, Lose or Draw'
[1230/1400] id=473fd0c2989541d7818aa50866c02941 em=1.0 f1=1.00 pred='swelling'
[1231/1400] id=c6b75f3d0e3247aca276bac0180e28ad em=1.0 f1=1.00 pred='Peter the Great'
[1232/1400] id=5d88f1541dc44bfbb209a1b38da8f0c5 em=1.0 f1=1.00 pred='creation'
[1233/1400] id=a94000ad11e442f898abfb5d3bd5e1fe em=0.0 f1=0.00 pred='Thomas R. Marshall'
[1234/1400] id=2989bc1f17274269ab803d3035267289 em=1.0 f1=1.00 pred='Porcelain'
[1235/1400] id=07073c3e2de94a46a90014f980f6eb36 em=1.0 f1=1.00 pred='Dick Durbin'
[1236/1400] id=29b16038d8d842b8911d0c6cda23ee03 em=1.0 f1=1.00 pred='Hanson'
[1237/1400] id=1cde9fe2c8f9435aa48e34c4470bba4a em=1.0 f1=1.00 pred='Sarah Bernhardt'
[1238/1400] id=736d549bc5a343c1a16e4b0a95895c72 em=1.0 f1=1.00 pred='The Lorax'
[1239/1400] id=e306bcb045c3479280aae5c54c7fc0a1 em=0.0 f1=0.80 pred='H Henry VIII'
[1240/1400] id=b5449c84277b434398372a0c84965db3 em=1.0 f1=1.00 pred='Aleph'
[1241/1400] id=d1888a2614b147eeb2957960ac521fe1 em=1.0 f1=1.00 pred='Tennessee'
[1242/1400] id=65b73d8b6bb447a5aa7a83be192a3caa em=1.0 f1=1.00 pred='Cesare Borgia'
[1243/1400] id=f76941e170a44d948c25ceb88c18557b em=1.0 f1=1.00 pred='May'
[1244/1400] id=5a42df77817c483ab33e7e25cd1ed18e em=1.0 f1=1.00 pred='seal'
[1245/1400] id=60b000db8da6444098b74c01cc1eb0e2 em=1.0 f1=1.00 pred='Riding in Cars with Boys'
[1246/1400] id=10f7141925ef42e2bad2689c5e9c0eda em=1.0 f1=1.00 pred='Pituitary gland'
[1247/1400] id=cade297c16cc4381b27843c523b0c43c em=1.0 f1=1.00 pred='Memphis Belle'
[1248/1400] id=1a5f20f916df46fdb63bc3469336056e em=1.0 f1=1.00 pred='Hotel California'
[1249/1400] id=73f0dd252a6c4ea994872f064611aa27 em=0.0 f1=0.50 pred='Council of Better Business Bureaus'
[1250/1400] id=7ee3c5d3e0774f0b9a983092d4409d7f em=1.0 f1=1.00 pred='canticle'
[1251/1400] id=9ad3ddc83fcd44078bdecf5310945776 em=1.0 f1=1.00 pred='Glitter'
[1252/1400] id=c2f98462f1334e018aedf02dee8e4313 em=1.0 f1=1.00 pred='Oh, God!'
[1253/1400] id=96a445e4c32e496baea79636db8eccb9 em=1.0 f1=1.00 pred='Buckingham Palace'
[1254/1400] id=981894e1f0174f148bfc896cc6c37c38 em=1.0 f1=1.00 pred='Cape Town'
[1255/1400] id=f0ce0795002b414387a0a2fdd3e8719a em=1.0 f1=1.00 pred='-phile'
[1256/1400] id=b4438c6b6b514aa4a1981bef9d30b21f em=1.0 f1=1.00 pred='Jersey Joe'
[1257/1400] id=22f37f01b06d4413af29385abf55c2d3 em=1.0 f1=1.00 pred='30'
[1258/1400] id=e7f1885a07d94efbbebe04829106830c em=1.0 f1=1.00 pred='Dalmatian'
[1259/1400] id=647e28cc0a244bed847c249d6e8da4f4 em=1.0 f1=1.00 pred="barber's pole"
[1260/1400] id=e10044cc3cae45608f6bdaf58005a26f em=1.0 f1=1.00 pred='Agra'
[1261/1400] id=a054243caf0a49b59814afdb8d715755 em=0.0 f1=0.67 pred='Paul Gauguin'
[1262/1400] id=ced61a206d8343fb937e03fd2e76a5ba em=1.0 f1=1.00 pred='mercury'
[1263/1400] id=8fc577b2c9a24ab1bce297bad2408a47 em=0.0 f1=0.80 pred='Johns Hopkins University'
[1264/1400] id=98c0e02584b04c36927b5cb2a4dd1677 em=1.0 f1=1.00 pred='Benazir Bhutto'
[1265/1400] id=7cb802714cea406aa9c35601bb1b2c23 em=1.0 f1=1.00 pred='Conversation'
[1266/1400] id=ddb9ebc2b0824145a5a1561d3e303ac0 em=0.0 f1=0.67 pred='Augusta'
[1267/1400] id=f75e4eca3b14449d915798485cc51c27 em=1.0 f1=1.00 pred='pens'
[1268/1400] id=00b991d41226417bb77c2825488baac5 em=1.0 f1=1.00 pred='Sierra Leone'
[1269/1400] id=03a705842c15434283a4f09f89b8b553 em=1.0 f1=1.00 pred='Mexico'
[1270/1400] id=8ed57f5c2ea64cf9b3d62d346ca092e4 em=1.0 f1=1.00 pred='Aaron Copland'
[1271/1400] id=bb3d2564665c46e2a30f97a7d5eae18f em=1.0 f1=1.00 pred='Amun'
[1272/1400] id=fe6e92dd15c0429b9204c0ab231039a9 em=1.0 f1=1.00 pred='Marsalis'
[1273/1400] id=f6ca20337fba45df808efe56587cd5d5 em=0.0 f1=0.67 pred='Scripps National Spelling Bee'
[1274/1400] id=48ae0009527a4ba0842cf64a51233faf em=1.0 f1=1.00 pred='Gestation'
[1275/1400] id=287dfdc1112d49139b699e77a743cdbf em=1.0 f1=1.00 pred='IKEA'
[1276/1400] id=9f05e19748384eacbb1a707586954726 em=1.0 f1=1.00 pred='South America'
[1277/1400] id=fc7bfd85bc0249a8a29c7eb20eb47a7e em=1.0 f1=1.00 pred='Angels in America'
[1278/1400] id=7a21823438ee4da494e7e27783ef2d42 em=1.0 f1=1.00 pred='Pole vault'
[1279/1400] id=7a004527051f4f59ba6f9026620091ed em=1.0 f1=1.00 pred='Bering Strait'
[1280/1400] id=fc7d5b5ff10649fb9d504f8c18c074b7 em=1.0 f1=1.00 pred='The Apprenticeship'
[1281/1400] id=5d0101c39a8f4b0390277b73d6ca4005 em=0.0 f1=0.00 pred='Franklin D. Roosevelt'
[1282/1400] id=9c037da132884b05be6639477d52a0fc em=1.0 f1=1.00 pred='Tiger Woods'
[1283/1400] id=faa49d92b4c0411590608ab3ff7dbd72 em=1.0 f1=1.00 pred='Cleveland'
[1284/1400] id=502fb1bae3ee4cbca89cd9f27ea336ad em=1.0 f1=1.00 pred='Warsaw'
[1285/1400] id=6f4ec63343fb46d0bf9b7a16802285d5 em=1.0 f1=1.00 pred='removed'
[1286/1400] id=8d987ccf45474bd89253c283b0a2afbf em=0.0 f1=0.67 pred='Judas Iscariot'
[1287/1400] id=0b57ee37f76e4aedadcf30f3f3f64065 em=0.0 f1=0.00 pred='Asteroids'
[1288/1400] id=87885977c8e54c77a529f34c3b03411d em=1.0 f1=1.00 pred='algae'
[1289/1400] id=fd8a452315f149bca027943bf51dc942 em=1.0 f1=1.00 pred='TRESPASSING'
[1290/1400] id=e5e77a9058cc4bf7a92c6a911601f701 em=1.0 f1=1.00 pred='Tom Jones'
[1291/1400] id=ee64d64641884a29968d0d62af120707 em=1.0 f1=1.00 pred='Banquo'
[1292/1400] id=9a87943f79f1420f80727b05bb2372de em=1.0 f1=1.00 pred='Lebanon'
[1293/1400] id=0c78abcb5f1a4f029167c156ac56b000 em=1.0 f1=1.00 pred='Battle of New Orleans'
[1294/1400] id=3ab1af1d409a4e1197e5b6e07b1c71a4 em=0.0 f1=0.50 pred='Grambling State University'
[1295/1400] id=5f64cb16a5fe4ae59f115abb613a344f em=1.0 f1=1.00 pred='After all, tomorrow is another day!'
[1296/1400] id=113ef1dcda894e588b26f9e31a1be728 em=0.0 f1=0.00 pred='Fraternal lodge located in the town of Cicely, Alaska'
[1297/1400] id=8d044f3c240847d2862aa7e0d73bd9d8 em=1.0 f1=1.00 pred='George Orwell'
[1298/1400] id=4eb0744e8d644b80b94a1344a84859eb em=1.0 f1=1.00 pred='Eternity'
[1299/1400] id=678a7691bb3e4274b624af40ef488b03 em=1.0 f1=1.00 pred='My Brilliant Career'
[1300/1400] id=9bb18f3c66b44057947371fa8d185a1e em=1.0 f1=1.00 pred='sharpener'
[1301/1400] id=c34e279373b949cf8e2c881dacec6171 em=1.0 f1=1.00 pred='Force'
[1302/1400] id=b10f01cf02e04443a3de620e24f5f86c em=1.0 f1=1.00 pred='Honda'
[1303/1400] id=469ccca2f4df48c5bb1322f6ee1f5ae2 em=1.0 f1=1.00 pred='Russia'
[1304/1400] id=04ee94462305470b987a01d6405e159a em=1.0 f1=1.00 pred='Netflix'
[1305/1400] id=94289b1fd355402ebb4bea3a9f6c0aaa em=1.0 f1=1.00 pred='Brigham Young'
[1306/1400] id=86bff10296aa4a27a1fc0b4952c4d0c9 em=1.0 f1=1.00 pred='Google'
[1307/1400] id=6de37e27f88c44f291990360bf815f5a em=0.0 f1=0.67 pred='window'
[1308/1400] id=59a121a02d124bfe84f296faf536ec34 em=1.0 f1=1.00 pred='churrasco'
[1309/1400] id=74788324a10444caa373c6c132264ef1 em=1.0 f1=1.00 pred='Alice'
[1310/1400] id=35001a53f50d46cea48df347c4179128 em=1.0 f1=1.00 pred='Grateful Dead'
[1311/1400] id=4edb4e2bad214db8978b50448dc480d2 em=1.0 f1=1.00 pred='Apathy'
[1312/1400] id=eda12d2897b048d29d06e154139b5247 em=1.0 f1=1.00 pred='Wikipedia'
[1313/1400] id=6b68a6dadf3d4c1fa91721ee57730bdb em=1.0 f1=1.00 pred='banquet'
[1314/1400] id=c2b851b5ff944169af497fcfcc7b5df5 em=1.0 f1=1.00 pred='Jordan'
[1315/1400] id=6996fbc6972043ce9f7e0cf90a55b30c em=1.0 f1=1.00 pred='Stomp the Yard'
[1316/1400] id=934bccc0b59a4d75b6562ed5649c8985 em=0.0 f1=0.00 pred='Islands'
[1317/1400] id=d95d8625d0334f89915ee105b9e34b4d em=1.0 f1=1.00 pred='curtsy'
[1318/1400] id=95cf345e73974f0d88a4b8cc672d87f3 em=0.0 f1=0.67 pred='Nikola Tesla'
[1319/1400] id=300801d48f2f4d8088876d6a3061b3aa em=0.0 f1=0.00 pred='A traditional Spanish lace or silk veil or shawl worn over the head and shoulders'
[1320/1400] id=3a649663c9c24c5f990723e9ffce087e em=1.0 f1=1.00 pred='Gandhi'
[1321/1400] id=6abaa808578a4e3fa8eebf0fb4746524 em=0.0 f1=0.00 pred='heartlight'
[1322/1400] id=10b4abb550ca406c8d4e33c9cff31fe2 em=1.0 f1=1.00 pred='Orange County'
[1323/1400] id=428de1f33b694736b48478c9fa3d9c90 em=1.0 f1=1.00 pred='South Bend'
[1324/1400] id=8ce3c7071ee34ee7858f30496106e859 em=1.0 f1=1.00 pred='Battle of Crecy'
[1325/1400] id=86d1ce36f5eb4b5f9d5a2f444e0d3410 em=1.0 f1=1.00 pred='Austria'
[1326/1400] id=708b4a8bae5249be828bd88d87df1881 em=0.0 f1=0.80 pred='Johann Strauss II'
[1327/1400] id=c687496e98c74437bbc4b8bf606ac072 em=1.0 f1=1.00 pred='Sarah Bernhardt'
[1328/1400] id=465d7e4fc1b840c7af24faea67493152 em=1.0 f1=1.00 pred='Greenwich Village'
[1329/1400] id=73bbbb3357304ec28774176d9745f8a0 em=1.0 f1=1.00 pred='Montana'
[1330/1400] id=3706087847e5422f8271b5ef961601f3 em=1.0 f1=1.00 pred='Shannen Doherty'
[1331/1400] id=7ec750061ca34bbc927c07fd28f2cefa em=1.0 f1=1.00 pred='December'
[1332/1400] id=113920ea62314360be6016cd2157ec4b em=1.0 f1=1.00 pred='1914'
[1333/1400] id=dee7957065c94ee090d39bdf0373ef9a em=1.0 f1=1.00 pred='Vimy Ridge'
[1334/1400] id=1d8e752954e74f6eb7e718011414d6d7 em=0.0 f1=0.67 pred='Boy Scouts of America'
[1335/1400] id=1e2d37008d46461abe1a480c9e63bb2e em=1.0 f1=1.00 pred='Olga Korbut'
[1336/1400] id=4d5e0dea4f574ac187add806d1714a0e em=1.0 f1=1.00 pred='James Thurber'
[1337/1400] id=e6cd02bc72bc4037b1c570a31c78e8d2 em=1.0 f1=1.00 pred='Prego'
[1338/1400] id=082c96ededd84d999e08d466a87df5b2 em=1.0 f1=1.00 pred='Libya'
[1339/1400] id=d929253bd8954a849dfc86401d878d1f em=1.0 f1=1.00 pred='British Shorthair'
[1340/1400] id=7793a82070884d96b11e47e8a1b5a7d7 em=1.0 f1=1.00 pred='Wilbur'
[1341/1400] id=8344454542d649fd92f5bf7b046d4bed em=1.0 f1=1.00 pred='Penn Station'
[1342/1400] id=e479559a0b7b47789e1d5293852e6994 em=1.0 f1=1.00 pred='PRECIPITATION'
[1343/1400] id=8e11057543334656906b81118a19a735 em=1.0 f1=1.00 pred='The Mousetrap'
[1344/1400] id=70202b1963a545e7ba8ebeea2b589c32 em=1.0 f1=1.00 pred='Margaret Mitchell'
[1345/1400] id=1027da416e6845f7b2dc1ec382291283 em=0.0 f1=0.67 pred='bread'
[1346/1400] id=5eb5d29e6f8f4ee6bb8c46f30b20bb90 em=1.0 f1=1.00 pred='Eliza Doolittle'
[1347/1400] id=328b8c0bf3f041cc8aac9d6e641c6d02 em=1.0 f1=1.00 pred='CN Tower'
[1348/1400] id=d4162c20a5414f1c83e112b7d4f484b1 em=1.0 f1=1.00 pred='Maria Full of Grace'
[1349/1400] id=09fb31b2ca0042ca8fc523353e633341 em=1.0 f1=1.00 pred="A Connecticut Yankee in King Arthur's Court"
[1350/1400] id=671f3c2e406f4ca7b41cb69fefe72e66 em=1.0 f1=1.00 pred='Pinocchio'
[1351/1400] id=a8648c93b9b0446f8ddeb9c823a713cf em=0.0 f1=0.00 pred='Pip'
[1352/1400] id=5793a138742e4e3d941703f36e07f1d6 em=1.0 f1=1.00 pred='watercolor'
[1353/1400] id=fa792aca44234b2ba8410edfad4fe8d4 em=1.0 f1=1.00 pred='Dreamgirls'
[1354/1400] id=03ff0bfba1e441cb952c5e96e081cd95 em=1.0 f1=1.00 pred='Jamaica'
[1355/1400] id=6ac7b9d73a2b4571b40b686fd84cda6c em=1.0 f1=1.00 pred='Ford'
[1356/1400] id=7aefedbe5511421bacbdb9d6d5bd94e2 em=1.0 f1=1.00 pred='Alexandre Dumas'
[1357/1400] id=2851247e64e74637a690f20a08320673 em=1.0 f1=1.00 pred='Hugo Chavez'
[1358/1400] id=aced03563b4b43af889b1dfbeea8930c em=1.0 f1=1.00 pred='Afrikaans'
[1359/1400] id=56f8ab13e599488db9ea7da6506dd22b em=1.0 f1=1.00 pred='high and dry'
[1360/1400] id=f8388135f4164e7c9b638736e6dbe2ea em=1.0 f1=1.00 pred='James Garner'
[1361/1400] id=8fe10b939ea84d8abd2b64b409aa6d75 em=1.0 f1=1.00 pred='Condor'
[1362/1400] id=3024323c6138434d9f1662affb9fb692 em=1.0 f1=1.00 pred='Rihanna'
[1363/1400] id=5ff5cbfe8f2b43ac9f83e280fd971805 em=1.0 f1=1.00 pred='Rum'
[1364/1400] id=648a3e22947944589f67270b3bf39e5b em=1.0 f1=1.00 pred='Israel'
[1365/1400] id=ed13c6c4f99a466abae80756060d24b0 em=1.0 f1=1.00 pred='Aqueduct'
[1366/1400] id=bf73afe8bee84b3bbe542b2b88e4f8d8 em=1.0 f1=1.00 pred='League of Nations'
[1367/1400] id=08643f2395a442048048c00a198ffff0 em=1.0 f1=1.00 pred='Modem'
[1368/1400] id=498bd3a0553c45aeaea0c0aff24ffdb6 em=0.0 f1=0.00 pred='Tim Burton'
[1369/1400] id=b697e6d84196496d8edf419d5fa91c5c em=1.0 f1=1.00 pred='Alaska'
[1370/1400] id=e39d19a65521470fa0a20de46fe730c0 em=1.0 f1=1.00 pred='Pfizer'
[1371/1400] id=cff206087af64daeb2f1d2775346610b em=0.0 f1=0.67 pred='Indiana counties'
[1372/1400] id=e57213c97d9541dc97988ec38f544b3c em=0.0 f1=0.50 pred='Madden NFL'
[1373/1400] id=a5d2e623e6c84312b5fe863872fbce1c em=1.0 f1=1.00 pred='Amsterdam'
[1374/1400] id=5a2b64d258194300b61e72edc4e56190 em=0.0 f1=0.00 pred='Interview with the Vampire'
[1375/1400] id=8c9fb9585a8a4fea9fcbc4354bb8d103 em=0.0 f1=0.50 pred='Harding'
[1376/1400] id=a382ca2b34114134b632096cc1687285 em=1.0 f1=1.00 pred='Mont Blanc'
[1377/1400] id=1f75dbd11b634d259b8e74de03011324 em=0.0 f1=0.67 pred='Richard Nixon'
[1378/1400] id=7a903a18b8e44df0bc6b8af86c7e4bf8 em=1.0 f1=1.00 pred='copper'
[1379/1400] id=fbe47ed4a64c4659a4b0ea00be4d94b9 em=1.0 f1=1.00 pred='water'
[1380/1400] id=c9c3ac27321f436cb35d16796c19d8a6 em=0.0 f1=0.00 pred='mouth'
[1381/1400] id=e7304dd4e7914bdfbb2b912691b84422 em=1.0 f1=1.00 pred='Marco Polo'
[1382/1400] id=7a5fb1ab2110493a8d592d19360934d2 em=0.0 f1=0.80 pred='Bosnia and Herzegovina'
[1383/1400] id=60f4ea1efa2c412a86b4739a9b046439 em=1.0 f1=1.00 pred='Herman Melville'
[1384/1400] id=bae1026af636465dbd8a49333f7c831e em=1.0 f1=1.00 pred='Super Size Me'
[1385/1400] id=a66e9943b68245029ef11c7874193702 em=1.0 f1=1.00 pred='Stigma'
[1386/1400] id=4b6b4fd437ea490f9c7064152fd5dcac em=1.0 f1=1.00 pred='The Last Remake of Beau Geste'
[1387/1400] id=2ecea5a42dd645ac8d8c0fb34920a228 em=1.0 f1=1.00 pred='caldera'
[1388/1400] id=0262ecde89394a1594fe54ed6de67d5d em=1.0 f1=1.00 pred='Richard Branson'
[1389/1400] id=733fbb4bb2984bb4bf23569014902ff5 em=1.0 f1=1.00 pred='1997'
[1390/1400] id=81218a8ee1b04b7d879451985591f6fa em=1.0 f1=1.00 pred='heptathlon'
[1391/1400] id=ebe62a81dd104541971b10c5a5564d20 em=0.0 f1=0.80 pred='Motor Voter Law'
[1392/1400] id=56ecfbae1dcb45f0bff6b57741549963 em=0.0 f1=0.00 pred='Funk'
[1393/1400] id=93c5050360564c80b95382bc27b44fb7 em=0.0 f1=0.67 pred='Rudolf Nureyev'
[1394/1400] id=3be35a549dce4bf090544d80e41457ed em=1.0 f1=1.00 pred='Hope chest'
[1395/1400] id=77baa9369e3142f1a7884b426030dac0 em=1.0 f1=1.00 pred='The Big Sleep'
[1396/1400] id=3b118e16845f4c09a5c0ad28fa40b006 em=0.0 f1=0.00 pred='Hybrid'
[1397/1400] id=5c63c75dfa8f4d4cad5bccf467ec9f9c em=1.0 f1=1.00 pred='Big Sky Conference'
[1398/1400] id=d6ba8697e6694769a0ed824a7df27252 em=0.0 f1=0.00 pred='Golfers'
[1399/1400] id=aa3c5dbe762f4e359842e588b8ae47e9 em=0.0 f1=0.50 pred='Oprah Winfrey Leadership Academy for Girls'
[1400/1400] id=bbb1f8afa57049488402d1d02e211878 em=0.0 f1=0.00 pred='A SCOLDING'

==== Summary ====
{
  "n_items": 1400,
  "agent_ok": 1400,
  "agent_failed": 0,
  "em": 0.8114,
  "f1": 0.8873,
  "sub_em": 0.92,
  "usage": {
    "prompt_tokens": 3566431,
    "completion_tokens": 896808,
    "api_calls": 0,
    "api_errors": 0
  }
}

Saved to experiments/judgestudy/candidates/judge_step6
