method=skillopt backend=api items=1400 skill_chars=8851
out_dir=experiments/judgestudy/candidates/greedy_step7
[781/1400] id=7c69a9380360429d91cf729201196b16 em=1.0 f1=1.00 pred='beagle'
[782/1400] id=da6a69045302434d8aec0c0ddbee1a49 em=1.0 f1=1.00 pred='Rubaiyat'
[783/1400] id=f285b18402cc4d1ea3cdbab6ece293df em=1.0 f1=1.00 pred="Surf's Up"
[784/1400] id=7be9991d6f6947e4acc72ea8644b82f5 em=1.0 f1=1.00 pred='King John'
[785/1400] id=24faa13b2b7748f4babea2d6320d458e em=0.0 f1=0.67 pred='Sweater'
[786/1400] id=730d1b61b948484394b9c56703bdb2b3 em=1.0 f1=1.00 pred='Scrabble'
[787/1400] id=9e8622f9a9184715982fd8dd1c6e3ba0 em=0.0 f1=0.67 pred='People magazine'
[788/1400] id=3b3c239c629640659e5eba502a817ced em=1.0 f1=1.00 pred='Jim Carrey'
[789/1400] id=649fdc580ea74665a873f6a0e29907a5 em=1.0 f1=1.00 pred='Greyhound'
[790/1400] id=55de755622204878942357d6f0752184 em=0.0 f1=0.67 pred='Edouard Manet'
[791/1400] id=a0dbc05648a74890a966350c81704622 em=1.0 f1=1.00 pred='Shakira'
[792/1400] id=b57a65e684504d9db9a6878292c0313e em=1.0 f1=1.00 pred='Driving Miss Daisy'
[793/1400] id=e2801d2a3baa454f90ef2f954c07989c em=1.0 f1=1.00 pred='John Bunyan'
[794/1400] id=e5b3512a238c4b12a749ab93a8845fbb em=1.0 f1=1.00 pred='Hatch'
[795/1400] id=21df075c378849ab9411a0ffaddb3697 em=1.0 f1=1.00 pred='Easter'
[796/1400] id=2d909b42ef974963b8918ab1c6771b84 em=1.0 f1=1.00 pred='George Reeves'
[797/1400] id=7e6a0f89411346e2ad88dc04a2be77e3 em=1.0 f1=1.00 pred='Robert A. Taft'
[798/1400] id=7497bd11227f4bd8b027c5f737c3f23c em=1.0 f1=1.00 pred='pineapple'
[799/1400] id=da2feb04ad764ada9fb88189716f1142 em=1.0 f1=1.00 pred='Heidi'
[800/1400] id=a7674332b87849f4b6cbc64be28b233b em=1.0 f1=1.00 pred='College of William and Mary'
[801/1400] id=eecd780002e6481f93ab585f1ba80ab0 em=1.0 f1=1.00 pred="Gulliver's Travels"
[802/1400] id=5bd2e40ac0a54e1db12f2b37f3a86f6c em=1.0 f1=1.00 pred='Rwanda & Burundi'
[803/1400] id=18f57112ccf54db680526fe8d04f0a0f em=1.0 f1=1.00 pred='24'
[804/1400] id=15d8c4fb9ed1486f8e6d80ffcd7d0948 em=0.0 f1=0.67 pred='laser'
[805/1400] id=fa3a3d392e1f435f996add8371a798bf em=1.0 f1=1.00 pred='Samuel Goldwyn'
[806/1400] id=f359127d25b646d6b1cf595ca1f44c62 em=1.0 f1=1.00 pred='The Polar Express'
[807/1400] id=511231befba84f3baaf198cd8b32f541 em=0.0 f1=0.67 pred='Apollo program'
[808/1400] id=dbcadf420ab94399b8137e3bab4eb2c8 em=1.0 f1=1.00 pred='nitrogen'
[809/1400] id=380905a8be3140d2b8c53427fe923b73 em=1.0 f1=1.00 pred='Jack Johnson'
[810/1400] id=8e0843e73a22433c845d554d79bac4ab em=1.0 f1=1.00 pred='Matt Dillon'
[811/1400] id=a0d9bcba64594ec0aaeb2d1cad1a8b59 em=1.0 f1=1.00 pred='Jacques Louis David'
[812/1400] id=dac2c24d81ce4899823c9d4fd9f47db9 em=1.0 f1=1.00 pred='Greece'
[813/1400] id=87d921a79a624189b7fdbce4ba1c3409 em=0.0 f1=0.67 pred='Snipe'
[814/1400] id=e04f70f907f0419ba627c6889342eeb1 em=1.0 f1=1.00 pred='Interlaken'
[815/1400] id=d274307a500d4d8c8cbf30faf5589cf0 em=1.0 f1=1.00 pred='Running of the Bulls'
[816/1400] id=c35fa3ed34bf4b0e8116f10d1913d75c em=1.0 f1=1.00 pred='rug'
[817/1400] id=4fdd00881ae641ba9535e22d64c3a0ff em=1.0 f1=1.00 pred='bazooka'
[818/1400] id=741f6007092a4251bbb733f8251d6ff8 em=0.0 f1=0.67 pred='Backdoor virus'
[819/1400] id=579ae7a5dde34d1f8d20f3c5b644f5f4 em=1.0 f1=1.00 pred='Titans'
[820/1400] id=09a3c29bd469417c9ee3cec55c1d4b73 em=1.0 f1=1.00 pred='Aristotle'
[821/1400] id=52adaf3083cf4e9d97bdd9fe1d9063cd em=1.0 f1=1.00 pred='The Wizard of Oz'
[822/1400] id=ed3126e9b1c046a88952849cde65acd2 em=1.0 f1=1.00 pred='leather feather'
[823/1400] id=49f06cb45863458e82c2cc98d6496fe6 em=1.0 f1=1.00 pred='lime'
[824/1400] id=67e7f225634c4cba8a31bb6fbc51a107 em=1.0 f1=1.00 pred='Des Moines'
[825/1400] id=89eb757291114ed8ac5bb0df63cff34b em=0.0 f1=0.00 pred='James Henry Webb Jr.'
[826/1400] id=85a8040e8294493b8d038621e6a04930 em=1.0 f1=1.00 pred='winter'
[827/1400] id=dc0df73d4fe3474cabd047b65c70d911 em=1.0 f1=1.00 pred='Dr. Strangelove'
[828/1400] id=a534d740d99c4f4ebaf7745907603113 em=1.0 f1=1.00 pred='Wright Brothers'
[829/1400] id=ff2942e7dcec4b54bb5b4d1c35678ae0 em=1.0 f1=1.00 pred='Patrick Henry'
[830/1400] id=93269a66ef94416f8fa08257efc9d30e em=1.0 f1=1.00 pred='Eel'
[831/1400] id=c421ee82b0594e76b762cd052e3dfa6f em=1.0 f1=1.00 pred='triangle'
[832/1400] id=777b196aeee34792b1c79c7d022ca04a em=1.0 f1=1.00 pred='cyclotron'
[833/1400] id=b34b82628e4b4361846043c8dcfb8aac em=0.0 f1=0.00 pred='Bridgeport'
[834/1400] id=dc15fa04af0040f1b7999769ac1da899 em=1.0 f1=1.00 pred='Andrew Marvell'
[835/1400] id=ceaa70ad97bc40cabc6b6fd99e37b0e4 em=1.0 f1=1.00 pred='piece of the pie'
[836/1400] id=87662c5037b04f44a5e20fcc7c925f98 em=1.0 f1=1.00 pred='Minerva'
[837/1400] id=979feb65f2b643589a974182664cbeb6 em=1.0 f1=1.00 pred='Frank Sinatra'
[838/1400] id=b92a6b9037e74c47a219a30a0a813683 em=1.0 f1=1.00 pred='Indian reservations'
[839/1400] id=fa1600f545b14703b72b253b24ba1673 em=1.0 f1=1.00 pred='Pablo Neruda'
[840/1400] id=142c46ffc40d484d9a9805811fa8d989 em=0.0 f1=0.80 pred='Operation Desert Shield'
[841/1400] id=2912f5399c2f4fb6a7c520306d8caf3a em=1.0 f1=1.00 pred='Chesapeake Bay'
[842/1400] id=11b2ebf9061545afa597e33b12888dd0 em=1.0 f1=1.00 pred='Mexico'
[843/1400] id=3201d8f450dd47debc62e21b5fb3c490 em=1.0 f1=1.00 pred='Venus'
[844/1400] id=9d65ae3eff6940dd88b0b66996c9360d em=1.0 f1=1.00 pred='hat'
[845/1400] id=dcd5ede5eac44e12b8da2c1f88d05596 em=1.0 f1=1.00 pred='Philip Morris'
[846/1400] id=bf2db66e80ff469e979ac4e9f6b255c4 em=0.0 f1=0.50 pred='fish finger'
[847/1400] id=b956696a520f4490ba457c175cf49b4f em=1.0 f1=1.00 pred='Western Wall'
[848/1400] id=4a641c9367f84b589e5be486a01c9078 em=0.0 f1=0.40 pred='P. T. Barnum'
[849/1400] id=75a1657798b3412e83c28343a93c6a2e em=0.0 f1=0.00 pred='Bagpipes'
[850/1400] id=aac65b2641484039b5af31a876f03f10 em=1.0 f1=1.00 pred='Denmark'
[851/1400] id=6b8be20329f043138222e3bef58cd516 em=1.0 f1=1.00 pred='Victor Hugo'
[852/1400] id=aa5ccdb669c54275a3ac03c724a4f2e9 em=1.0 f1=1.00 pred='Tanzania'
[853/1400] id=1e57515dad4841e3b0cca4d623cb78ff em=1.0 f1=1.00 pred='Paul Gauguin'
[854/1400] id=f257a2c9688441719bc8b80bb03ed3a1 em=0.0 f1=0.00 pred='Lute'
[855/1400] id=8bf26a55b8e24999a71cec5c22dd6003 em=1.0 f1=1.00 pred='Qatar'
[856/1400] id=f9eb03ae442c4afa9ea03d58106ec819 em=1.0 f1=1.00 pred='John Coltrane'
[857/1400] id=b7daed3b13b24c2c900b3db34091f5af em=1.0 f1=1.00 pred='Mr. Ed'
[858/1400] id=15e2f1ce0d4a4cfc80335a7d931fa6c0 em=1.0 f1=1.00 pred="The Pilgrim's Progress"
[859/1400] id=4419b5d125bd4eeea134f2cc05561f0d em=1.0 f1=1.00 pred='Rochester'
[860/1400] id=3d47899ab972454cb664fa33109370c2 em=1.0 f1=1.00 pred='Hypnos'
[861/1400] id=47e0542a24954b67a5d540dc56c1a80d em=0.0 f1=0.00 pred='Robert Frost'
[862/1400] id=16f4d1a28f264c15b4c93460cf2d985a em=0.0 f1=0.67 pred='Aloha Airlines'
[863/1400] id=6bc9eb6be6ef40488546f5c5a2656b0b em=1.0 f1=1.00 pred='Kokomo'
[864/1400] id=9625aec4508b46ab8ff49452ae77c08b em=1.0 f1=1.00 pred='court'
[865/1400] id=d104edea8ff5470a98dc6f81520e39e1 em=1.0 f1=1.00 pred='Detroit'
[866/1400] id=3829f770d336410dbfb6091efdbcad94 em=1.0 f1=1.00 pred='Ross Perot'
[867/1400] id=f1872aa085684205b01c8b044be9c405 em=1.0 f1=1.00 pred='walk the plank'
[868/1400] id=592401ec18a74311b063864e6bc63c81 em=1.0 f1=1.00 pred='Frederick Forsyth'
[869/1400] id=25c0e5f8a53f4bafae2db6feb35ae667 em=1.0 f1=1.00 pred='American Wedding'
[870/1400] id=5135571c42dd41f49eb9b6df45fc00db em=0.0 f1=0.67 pred='Calvin Coolidge'
[871/1400] id=94cdf72aba2b4b06a1c9ce934cd407ca em=1.0 f1=1.00 pred='recto'
[872/1400] id=54e7aaba9cbb454a86af6d916a71109b em=1.0 f1=1.00 pred='Italian'
[873/1400] id=4e040c91a514411f869042bd1bb74701 em=1.0 f1=1.00 pred='Missionary'
[874/1400] id=3c2897b03e0844a19fd5b3d49e99e3a5 em=1.0 f1=1.00 pred='Jean'
[875/1400] id=4cfac23b2d114f91a2ecebc36feadcb5 em=1.0 f1=1.00 pred='Guyana'
[876/1400] id=fa35104992c04600b07ec126b0d8f794 em=1.0 f1=1.00 pred='Hypertext'
[877/1400] id=9b0f54e4d4b24faca22ba89f1275b675 em=1.0 f1=1.00 pred='Elie Wiesel'
[878/1400] id=8b933c2dc3ae468b88d3a744bd052757 em=1.0 f1=1.00 pred='gold'
[879/1400] id=4412a02b02114936b8bb7a0f366770e2 em=1.0 f1=1.00 pred='Bonaparte'
[880/1400] id=5c26e2dde8e2465ab44fc9bbcc0aefb5 em=0.0 f1=0.00 pred='Katie Holmes'
[881/1400] id=51d16b79273d4676bd38079610968af0 em=0.0 f1=0.67 pred='Mississippi River'
[882/1400] id=2e44b7a3015a4079a8460c2c84963a6b em=0.0 f1=0.67 pred='Hollandaise sauce'
[883/1400] id=e5a37e657d344835a95788179c1266eb em=0.0 f1=0.00 pred='Urticaria'
[884/1400] id=08377c21beb04e8db4a3a2687dba7c33 em=0.0 f1=0.00 pred='Joseph Isadore Lieberman'
[885/1400] id=e72957b206954563842b8921bb239815 em=1.0 f1=1.00 pred='Frederic Chopin'
[886/1400] id=5ae3072b6bbd40cab41d2d0782aa9bef em=0.0 f1=0.00 pred='Emmy'
[887/1400] id=52842cb313f445e399029f5e78bc5cd1 em=1.0 f1=1.00 pred='Cincinnati Reds'
[888/1400] id=2372fcaa483d4384a68645f3fa9ca173 em=1.0 f1=1.00 pred='Easter'
[889/1400] id=0574d25fac6244c3885304a2112a0c15 em=0.0 f1=0.80 pred='Toronto Blue Jays'
[890/1400] id=a5c6e8c4c78449cea0fd71f7d908d88a em=1.0 f1=1.00 pred='Graceland'
[891/1400] id=39a9394a0123427ea52b07c9ec6c3093 em=1.0 f1=1.00 pred='France'
[892/1400] id=d11365f5d8ba4aee988258f9340a7009 em=0.0 f1=0.00 pred='Trajan'
[893/1400] id=5ee940c2357946a6ba68ea0713517bca em=1.0 f1=1.00 pred='Ulysses'
[894/1400] id=92d41fc8d92e4b82becee6215520d0f6 em=1.0 f1=1.00 pred='oboe'
[895/1400] id=0cdf302a5c1c4fe0ac9a499470765108 em=1.0 f1=1.00 pred='Columbia'
[896/1400] id=7614ea4125f34dcba0d17cfe071d42d3 em=1.0 f1=1.00 pred='Paraguay'
[897/1400] id=7b6242e63e9042fbbe2e72a7414addb7 em=1.0 f1=1.00 pred='Nellie Melba'
[898/1400] id=bfb38a93888b4c0f8c6b83c8d127eb2a em=1.0 f1=1.00 pred='Spain'
[899/1400] id=734c12b3c61f499eb696ab2e7e7521cd em=0.0 f1=0.00 pred='South Lebanon conflict'
[900/1400] id=95757ee9efaa497f90b0c6d79640865d em=1.0 f1=1.00 pred='Syria'
[901/1400] id=b0f37c93bb7b440fba1eb339b05c31a1 em=1.0 f1=1.00 pred='Morocco'
[902/1400] id=b54b3d6f34644ea2aaf37de39682368b em=0.0 f1=0.00 pred='The Sun Also Rises'
[903/1400] id=de08797cda7e4a928bebeb62b07788ec em=1.0 f1=1.00 pred='Zulu'
[904/1400] id=b52a5d5925504e7a9b0eb7b9a2e808fa em=1.0 f1=1.00 pred='William S. Hart'
[905/1400] id=177ebf6c9a854c78a73eb21e23402fef em=1.0 f1=1.00 pred='Santo Domingo'
[906/1400] id=4af582d60f3e463caa1c8b1669e931a4 em=1.0 f1=1.00 pred='Italy'
[907/1400] id=858e95fc230148ba8bb554e35b25cbe5 em=0.0 f1=0.67 pred='Rudyard Kipling'
[908/1400] id=e006f1243e0e486e8bab439af1d1ffd0 em=1.0 f1=1.00 pred='7, 11'
[909/1400] id=e7066c6fbdb1495c8f57b0a40040f837 em=1.0 f1=1.00 pred='I Am Legend'
[910/1400] id=847e5a2123aa4430aad88f8869cd3005 em=1.0 f1=1.00 pred='police car'
[911/1400] id=c92ffc250da04dadbd4091e7caff083d em=0.0 f1=0.00 pred='Guests of the Ayatollah'
[912/1400] id=938a1a20b96245e6a0c687bf010a20c3 em=1.0 f1=1.00 pred='Space Shuttle'
[913/1400] id=4068384dadbf49afb3e663a099fbd619 em=0.0 f1=0.50 pred='Defense'
[914/1400] id=d2aae288da2240479ac8fd64380e8181 em=1.0 f1=1.00 pred='The Grapes of Wrath'
[915/1400] id=6241e981d4b74d3282534ad5972ff3f2 em=1.0 f1=1.00 pred='Benjamin Franklin'
[916/1400] id=77ceea3648764a8e8561ffe69f284d9c em=0.0 f1=0.67 pred='Charles Darwin'
[917/1400] id=092f0450ae72424e80d1b7baca5d2eab em=1.0 f1=1.00 pred='engagement ring'
[918/1400] id=89ca79133c4643ddbb782bf195c27661 em=0.0 f1=0.50 pred='Myra Breckinridge'
[919/1400] id=1489805b557742a0972dd1add3b3f3a8 em=0.0 f1=0.50 pred='Otto von Bismarck'
[920/1400] id=ea5e1d5687754fc19c7e5e5ec47b0ccb em=0.0 f1=0.40 pred="Reese's Peanut Butter Cups"
[921/1400] id=e4c43c28c96f40a893765744915965da em=1.0 f1=1.00 pred='Rio de Janeiro'
[922/1400] id=c7b1b174463847aebbfd540d05759332 em=1.0 f1=1.00 pred='AARP'
[923/1400] id=48e2633ad90147a1bdc751f7387034eb em=1.0 f1=1.00 pred='Moon'
[924/1400] id=4aad23ed67974f77ab643d52928b9f13 em=1.0 f1=1.00 pred='blind spot'
[925/1400] id=51c5b397478b4a7bb93232e7229a6a2d em=1.0 f1=1.00 pred='Venezuela'
[926/1400] id=a31a3da4cb2f47ab81fd576ce09e56df em=1.0 f1=1.00 pred='Medium'
[927/1400] id=b8d6403bc2cd48cda7413a3f5a4ba723 em=1.0 f1=1.00 pred='Edward Hopper'
[928/1400] id=d3135a3432a24c1b8d22ef8e1753800f em=1.0 f1=1.00 pred='3000'
[929/1400] id=47b66a02f30d4ca89ab37f7bfb96e426 em=1.0 f1=1.00 pred='George Moscone'
[930/1400] id=b2991dbc96b84be3a3ea13a765cb0289 em=1.0 f1=1.00 pred='Florida'
[931/1400] id=afaf746196804a32aaf822eb592528cc em=0.0 f1=0.67 pred='The Plaza Hotel'
[932/1400] id=bb525e3475144796acac6b4db0591ec4 em=0.0 f1=0.40 pred='Buffy Summers'
[933/1400] id=36fda1c2c2504199bed202f61b06ecf9 em=0.0 f1=0.00 pred='fox'
[934/1400] id=df0a8252d982464597f62bd806caf39c em=1.0 f1=1.00 pred='Robert Fulton'
[935/1400] id=f09586515a2044019052af9bf87096cf em=1.0 f1=1.00 pred='PepsiCo'
[936/1400] id=c548b9c001f4403b88be2af3d566ef35 em=1.0 f1=1.00 pred='pigeons'
[937/1400] id=fc3c34a4613c447dbfed5a531b4a9a15 em=1.0 f1=1.00 pred='Paula Abdul'
[938/1400] id=662149e9d00747989aabcdf269c496a3 em=1.0 f1=1.00 pred='dams'
[939/1400] id=a2137a7b8c7c426ba4b49bae0d61521e em=1.0 f1=1.00 pred='Australia'
[940/1400] id=44777e2c7f8c42b7a2252b71c64aa422 em=1.0 f1=1.00 pred='Joe DiMaggio'
[941/1400] id=df5c7bb060c442689a7a7fccc7079811 em=1.0 f1=1.00 pred='Mars'
[942/1400] id=f4c1aaec12fa4c61b379f1a9272d1ff4 em=1.0 f1=1.00 pred='Gossip'
[943/1400] id=05bb48c9c9094f2f9374148f2756fd4f em=1.0 f1=1.00 pred='Ned Flanders'
[944/1400] id=e1a0e75cc5cf409a9fc1488b071b2eb6 em=1.0 f1=1.00 pred='Manganese'
[945/1400] id=82959bc544334b70819123eb60817b19 em=1.0 f1=1.00 pred='a la king'
[946/1400] id=c8b56dbe7602481199557313bf404b9f em=1.0 f1=1.00 pred='Halogens'
[947/1400] id=ffa2d3fd7c8641d5b88780ab0c980057 em=1.0 f1=1.00 pred='Knickerbocker'
[948/1400] id=59d7d4ec3377454b9a5d8a63c4d67a29 em=1.0 f1=1.00 pred='American Revolution'
[949/1400] id=c9cf7304b2c84aebb6f9af8bfc2dac9d em=1.0 f1=1.00 pred='Earshot'
[950/1400] id=04d1b7f7695c403497dec7423a68a36c em=1.0 f1=1.00 pred='Friday Night Lights'
[951/1400] id=4fc6ad573cba408e933068e8d51cc444 em=1.0 f1=1.00 pred="Hodgkin's Disease"
[952/1400] id=61eda64250e44e7da58229538c783ccc em=1.0 f1=1.00 pred='Caveat'
[953/1400] id=6894daf9cdfe4d2081847134f34ea3fa em=1.0 f1=1.00 pred='drought'
[954/1400] id=3e27e48cd7ed4f828b1506c626917c3f em=1.0 f1=1.00 pred='to displace'
[955/1400] id=7b8f504bff1240bf983c7f28c50da9e4 em=1.0 f1=1.00 pred='Standard time'
[956/1400] id=773848a7e56340a29b03a44794814582 em=1.0 f1=1.00 pred='Qatar'
[957/1400] id=5a1069e2fa7342ee80f28ed79ef14db9 em=1.0 f1=1.00 pred='Oscar De La Hoya'
[958/1400] id=1dccbb3c4bc04d87a2dea2eb10cb996f em=1.0 f1=1.00 pred='Attila'
[959/1400] id=aeb2c8943702445aac674889d64af7a0 em=1.0 f1=1.00 pred='Tennis'
[960/1400] id=89678f2e2fcf40eb8bf563880994add2 em=1.0 f1=1.00 pred='Winesburg, Ohio'
[961/1400] id=7d6bd0d727e54335be7c1c69886fc82f em=1.0 f1=1.00 pred='Sargasso Sea'
[962/1400] id=1b8886a267e04b48ab393f0703af9532 em=1.0 f1=1.00 pred='Sri Lanka'
[963/1400] id=67848315b1fe4feabe12fd05d9de288a em=1.0 f1=1.00 pred='King Lear'
[964/1400] id=39f0fe99cde247619b4057d0084ba9e1 em=1.0 f1=1.00 pred='The Count of Monte Cristo'
[965/1400] id=f1123b7bd1e94b98b4a1022070fb8479 em=1.0 f1=1.00 pred='Canton'
[966/1400] id=2b49d26a7efb4a2c8159efbe3439e12b em=1.0 f1=1.00 pred='Daniel'
[967/1400] id=5cc9d4417dcb47ff90663dcc8546bcf2 em=1.0 f1=1.00 pred='Eddie Haskell'
[968/1400] id=a6652c364b6e4e8db83b3e26b2dd1c1f em=0.0 f1=0.00 pred='20 AD'
[969/1400] id=bbb1f8afa57049488402d1d02e211878 em=1.0 f1=1.00 pred='Berating'
[970/1400] id=2bda147f9ebb430a8968ff5aae713585 em=1.0 f1=1.00 pred='Selma'
[971/1400] id=21938e691b2a412ebb7a3548209ecbcb em=1.0 f1=1.00 pred='Secretary of Defense'
[972/1400] id=6e1f69f84d5c442a89d09d578cd00ff7 em=1.0 f1=1.00 pred='Poker'
[973/1400] id=1a09c7ead5c7476cb80618a977ff8af3 em=1.0 f1=1.00 pred="M&M's"
[974/1400] id=74e7110ca4f149b1b1359cc75acd69e7 em=0.0 f1=0.67 pred='Gregor Mendel'
[975/1400] id=b2890ea2eda540d1b74d36f4ef13ec76 em=1.0 f1=1.00 pred='Gibraltar'
[976/1400] id=4fa03c33d4d2467096cb5159d9b32d0e em=1.0 f1=1.00 pred='Gifts'
[977/1400] id=37439a48301c4dcfa3a3ac80902c2e0b em=1.0 f1=1.00 pred='Aesop'
[978/1400] id=1d24871af6db449099d45e17b6341dcd em=0.0 f1=0.00 pred='Three'
[979/1400] id=a757b55a3f83439db423887bd8143f90 em=1.0 f1=1.00 pred='Martina Navratilova'
[980/1400] id=f84af13b9f8f4f3d95607952fb694e5a em=1.0 f1=1.00 pred='Rembrandt'
[981/1400] id=152527eaf57e4c11991713d44c1dfa7f em=1.0 f1=1.00 pred='Bombs'
[982/1400] id=d8496e597ea843a386431d8baa798edb em=1.0 f1=1.00 pred='Chinchilla'
[983/1400] id=47a7a24cbbeb4cc980fc15aaedb03bf3 em=0.0 f1=0.00 pred='6'
[984/1400] id=29320213cd1d46d38ff39332227412bf em=1.0 f1=1.00 pred='Thomas Paine'
[985/1400] id=05c45056631d408ea58b9008026e33a2 em=1.0 f1=1.00 pred='Charles Guiteau'
[986/1400] id=fa215eac88e94be3ae508faecdf8e161 em=0.0 f1=0.00 pred='tandoor'
[987/1400] id=6bff5f3522d84b2183e903e3157112c8 em=0.0 f1=0.50 pred='The Great American Novel'
[988/1400] id=a5473315502f4e198965fc83e7c263b0 em=1.0 f1=1.00 pred='Kiss Me, Kate'
[989/1400] id=c385599879b24c4abc06e53f98863d46 em=1.0 f1=1.00 pred='Celine Dion'
[990/1400] id=3a976786b4fd4a9a9da2119af1c28d36 em=0.0 f1=0.40 pred='Chocolate Crunch Cookie'
[991/1400] id=bd49e52726674480873c9f6528094f03 em=1.0 f1=1.00 pred='Dick Cheney'
[992/1400] id=4aa8fc7557fa4930b5e2e78a896b1084 em=1.0 f1=1.00 pred='Family Guy'
[993/1400] id=8907263a3c0846469f4bba527c65c45c em=1.0 f1=1.00 pred='tail'
[994/1400] id=18a6e062325242e58fa8a5cb5f3d2a32 em=1.0 f1=1.00 pred='governess'
[995/1400] id=276fe486a5ef4a809d2a36d07285a6f0 em=0.0 f1=0.00 pred='aide-de-camp'
[996/1400] id=a064125fa3674c049e473e4d7c2afcd1 em=1.0 f1=1.00 pred='East of Eden'
[997/1400] id=884f995169b3419b888c6ad6e2f6bcd8 em=0.0 f1=0.80 pred='SS Edmund Fitzgerald'
[998/1400] id=a75f12ade8544e1a89f2d48ccc815a0d em=1.0 f1=1.00 pred='George Patton'
[999/1400] id=e965f5490a7e48029a7c9dee649c6dcb em=0.0 f1=0.67 pred='Queen Margrethe'
[1000/1400] id=1e7a668213c4433d8b7970a32e3c0af1 em=1.0 f1=1.00 pred='Iris'
[1001/1400] id=113ad57d593f482e96e30af68b3aab9f em=1.0 f1=1.00 pred='Billings'
[1002/1400] id=86acb5b661bd4724a5d404e5b17e6a46 em=1.0 f1=1.00 pred='bazooka'
[1003/1400] id=80e6e7b117394115b0de70672b547307 em=1.0 f1=1.00 pred='Pop'
[1004/1400] id=ab94aa55c6314e9b8af69bdfac48dadf em=1.0 f1=1.00 pred='Obscenity'
[1005/1400] id=867f309535fc4b788320e6c2b23fd89e em=1.0 f1=1.00 pred='Van Morrison'
[1006/1400] id=197ee5401f554bcfbfce4dc751ec3343 em=0.0 f1=0.00 pred='Quarks'
[1007/1400] id=abd5b61589364b07bbf7299c49e70e01 em=1.0 f1=1.00 pred="Who's Afraid of the Big Bad Wolf?"
[1008/1400] id=46d2aa3ada6f4a5d8a499e4a5c07385e em=0.0 f1=0.67 pred='Amazon River'
[1009/1400] id=d8fc70c4924e4422859a7058f11a5f5a em=1.0 f1=1.00 pred='Repent'
[1010/1400] id=efcc54e12eff4d83866b4f58c4b3df01 em=1.0 f1=1.00 pred="Fisherman's Wharf"
[1011/1400] id=238903697f2f4d3da4cf0e24a2761db0 em=0.0 f1=0.40 pred='The Cricket in Times Square'
[1012/1400] id=d67c9156a9b04624910dea2f510f8047 em=1.0 f1=1.00 pred='Austria'
[1013/1400] id=d8833f3292614d978fbe84fe928fb138 em=1.0 f1=1.00 pred="The Hitchhiker's Guide to the Galaxy"
[1014/1400] id=bd104461e8ca4017aaacd928f8ae5784 em=1.0 f1=1.00 pred='ginger'
[1015/1400] id=7292cdeca2b949a6bef8c03a9901f5a4 em=0.0 f1=0.00 pred='Frogs'
[1016/1400] id=c128b8c91c024ab0a592dcda590a11f9 em=1.0 f1=1.00 pred='Ivan Lendl'
[1017/1400] id=1a4e5bce9bc940918d6635479d944d6d em=1.0 f1=1.00 pred='Michael Dell'
[1018/1400] id=5e838c1d51044e77ac345c32b2a8cfee em=0.0 f1=0.67 pred='Hanging Gardens'
[1019/1400] id=33117d6f9f5e412788148baef55f4b2c em=1.0 f1=1.00 pred='beans'
[1020/1400] id=eb0fb0cca9684810ac6840dd9b8ebb91 em=1.0 f1=1.00 pred='Aleutian Islands'
[1021/1400] id=8e31e394ac6c45c4acfeda5424aceb64 em=1.0 f1=1.00 pred='Colombia'
[1022/1400] id=aa87cb64b6f54159927506f28ec62f4e em=0.0 f1=0.67 pred='Pablo Picasso'
[1023/1400] id=e7071a0a197c471d8026449e74a9233e em=1.0 f1=1.00 pred='Beowulf'
[1024/1400] id=7aced3eb67c74eba971a2530ce81074c em=1.0 f1=1.00 pred='Electoral College'
[1025/1400] id=af3c4b517336436681e03e57ce731b31 em=1.0 f1=1.00 pred='Rosa Parks'
[1026/1400] id=3d4b3af120844bce9ee06e3fb56f2936 em=1.0 f1=1.00 pred='Sons of Liberty'
[1027/1400] id=f2bce9e28cdd43e6a888bafd35d47f1a em=0.0 f1=0.67 pred='Benjamin Disraeli'
[1028/1400] id=35ee959204c1457da47d572c5ffd92a6 em=0.0 f1=0.67 pred='South Korea'
[1029/1400] id=64a22f0e29224f86b10c0fa0928fa96c em=1.0 f1=1.00 pred='Cricket'
[1030/1400] id=c5b64798f0314be897a348c3196681ac em=1.0 f1=1.00 pred='David'
[1031/1400] id=67488f8f226d4d278ed359cea5b80cf9 em=1.0 f1=1.00 pred='Pharmacist'
[1032/1400] id=3d01568b168a4f0bb899e8b1c2239944 em=1.0 f1=1.00 pred='Ponies'
[1033/1400] id=419b76eb0c8c45568814af128c318830 em=1.0 f1=1.00 pred='Heel'
[1034/1400] id=9e1a028c042a43a4aad803789594d801 em=1.0 f1=1.00 pred='Dredge'
[1035/1400] id=972feb1557d445e098a9a0bc4c8080db em=1.0 f1=1.00 pred='windmills'
[1036/1400] id=759f644fc9e34509b7b3c7e588a157cd em=1.0 f1=1.00 pred='The Sixth Sense'
[1037/1400] id=d1c87cfadcda4e4a9c21fd93fd267ad8 em=1.0 f1=1.00 pred='Invisible Man'
[1038/1400] id=8b68dfd9a467473897fa9d1434418267 em=1.0 f1=1.00 pred='Italy'
[1039/1400] id=5c562c75aa9f465587b466f96f47c930 em=1.0 f1=1.00 pred='Beer'
[1040/1400] id=61eddea900ce4ba4bf01cc9eb5b68736 em=1.0 f1=1.00 pred='Spanglish'
[1041/1400] id=40a28f0fbc384b16a4ccccecfa95d96a em=1.0 f1=1.00 pred='Polonaise'
[1042/1400] id=b643995b3c124c28b370cc483af30897 em=1.0 f1=1.00 pred='Yeardley Smith'
[1043/1400] id=b5ed7cbabbbb41949a7965e7a98ccb49 em=1.0 f1=1.00 pred='cereal'
[1044/1400] id=8b090fa84d1744e9952401d6cacb09f6 em=1.0 f1=1.00 pred='Argentina'
[1045/1400] id=10b15b8fe4324bd48b481506d0925863 em=1.0 f1=1.00 pred='Timon'
[1046/1400] id=9615057cf59f4fa3a92da965e12c7a40 em=1.0 f1=1.00 pred='Hill Street Blues'
[1047/1400] id=fd1a54d5872246719e28ba3fab3f5e8d em=1.0 f1=1.00 pred='Poseidon'
[1048/1400] id=d8eba1df0e5b45159283a1f457542c0f em=1.0 f1=1.00 pred='Napoleon'
[1049/1400] id=140eb9010112494aad095739adb735d6 em=1.0 f1=1.00 pred='Brooklyn Bridge'
[1050/1400] id=e72677bbc791425387075a3a7188230f em=1.0 f1=1.00 pred='Montana'
[1051/1400] id=80f499f83e834cc99e31318d31aeaf47 em=1.0 f1=1.00 pred='Phil Mickelson'
[1052/1400] id=ae072e1d30fa4694b14ff98e301fd768 em=1.0 f1=1.00 pred='repertoire'
[1053/1400] id=12b51ad292af470ebd99f1d043357ebc em=0.0 f1=0.67 pred='Department of Health and Human Services'
[1054/1400] id=a09c6188fae74726aed2bbf66ca193ce em=1.0 f1=1.00 pred='Carson City'
[1055/1400] id=b1fe478a71c943459dcf55119d6f3f4f em=1.0 f1=1.00 pred='Jennifer Lopez'
[1056/1400] id=b9aef446e8ca412bbcb69b8f94249dea em=1.0 f1=1.00 pred='Kentucky'
[1057/1400] id=4e876d2abc10451483f9275829e780a0 em=1.0 f1=1.00 pred='Ron Howard'
[1058/1400] id=8a67adbeab504bceadbcf5848e613469 em=1.0 f1=1.00 pred='Rudyard Kipling'
[1059/1400] id=84fa5a0c7f7f42fc846f79589a14112f em=1.0 f1=1.00 pred='Sarah McLachlan'
[1060/1400] id=337965b613194614a282322ac5ad6cec em=1.0 f1=1.00 pred='Jenna Bush'
[1061/1400] id=3725ccc6e524405f81722ceffead540a em=1.0 f1=1.00 pred='John Wilkes Booth'
[1062/1400] id=6eea972e7c134cadb65132643a906ba1 em=1.0 f1=1.00 pred='Vistula'
[1063/1400] id=2f702f4dd2574c02addd404d82953d15 em=1.0 f1=1.00 pred='Bob Hope'
[1064/1400] id=068575aee7224d4ab849f9d138731fdc em=1.0 f1=1.00 pred='heresy'
[1065/1400] id=a58acf29767e4b939a81581b60f3e215 em=1.0 f1=1.00 pred='All Quiet on the Western Front'
[1066/1400] id=eef234c3f1844fae80ba0c6820ef33a9 em=1.0 f1=1.00 pred='The Deer Hunter'
[1067/1400] id=a0f4f67f76034e49a4153768c89364da em=1.0 f1=1.00 pred='Fiorello LaGuardia'
[1068/1400] id=dca3a642962b4b119f7aa555978dd41e em=1.0 f1=1.00 pred='Warsaw'
[1069/1400] id=ea8d2f98ab2b41329f96ffd259484819 em=1.0 f1=1.00 pred='Nanook'
[1070/1400] id=9ec6f9f9af044b988a7d21f9d2b88a20 em=1.0 f1=1.00 pred='United Nations'
[1071/1400] id=c159edd48871458095d1bf54d7a50a5f em=0.0 f1=0.00 pred='Frank McCourt'
[1072/1400] id=4abb0e9595604633a05a61c344d88b2d em=1.0 f1=1.00 pred='The Red Lion'
[1073/1400] id=886f2801a4fc43b9adb3ab9f551555d4 em=0.0 f1=0.00 pred='Marinades'
[1074/1400] id=1e08a80bcb084a368495349bfa155a1f em=1.0 f1=1.00 pred='Bully Pulpit'
[1075/1400] id=78211f5b18e9465796b288ddda7768da em=1.0 f1=1.00 pred='Chris Moneymaker'
[1076/1400] id=1666f5c898ee4e7f83c8916ac0a1a369 em=1.0 f1=1.00 pred='Hercules'
[1077/1400] id=cd52f29813ed467fa6b62b10895844d8 em=1.0 f1=1.00 pred='Martina Navratilova'
[1078/1400] id=f9d719fa59344d7c9b23952b5fb79989 em=1.0 f1=1.00 pred='Joe Hill'
[1079/1400] id=e01ccc8683af45998149ed184e896067 em=1.0 f1=1.00 pred='Christina Applegate'
[1080/1400] id=44cd5c74a4544123a44553bd5faaa219 em=1.0 f1=1.00 pred='Brazil'
[1081/1400] id=499b5f088dc14ce0a44b5f4cf7118616 em=0.0 f1=0.67 pred='Albert Einstein'
[1082/1400] id=2352016546794050829f1b07f25f9090 em=1.0 f1=1.00 pred='Home Improvement'
[1083/1400] id=a0dea12493ec4f3fad8587be85e5d0e0 em=0.0 f1=0.00 pred='Changeling'
[1084/1400] id=550812d86ec842d18632765827acb71c em=1.0 f1=1.00 pred='woodpecker'
[1085/1400] id=74aa3ba7ab104fe8bbcc426c64520d0f em=1.0 f1=1.00 pred='Barbarian'
[1086/1400] id=84024891efbf49308fd2fe87c30e396a em=1.0 f1=1.00 pred='Collie'
[1087/1400] id=d3205343ca1d4166b6cd70984408127f em=0.0 f1=0.80 pred='Sacco and Vanzetti'
[1088/1400] id=dcf0c2c053ad499faac8a13f71296557 em=1.0 f1=1.00 pred='The Lottery'
[1089/1400] id=33c5b638c7c0474798042991babdb389 em=1.0 f1=1.00 pred='Jack Dempsey'
[1090/1400] id=327c1b33798e4afda8686955e302afaa em=1.0 f1=1.00 pred='love'
[1091/1400] id=330fb4fb30c4475f85872be34c1d2117 em=1.0 f1=1.00 pred='Aunt Polly'
[1092/1400] id=021a105fde2040e6878900394ac1fe98 em=1.0 f1=1.00 pred='Salvatore Ferragamo'
[1093/1400] id=791836977d0143509c7b8b00ccfae43d em=1.0 f1=1.00 pred='George Eliot'
[1094/1400] id=58b3523293b74ff7ad6037676aac940d em=1.0 f1=1.00 pred='Little Debbie'
[1095/1400] id=3486bf0bc72d438b9627e2ec2b6ce4bb em=0.0 f1=0.67 pred='Heathrow Airport'
[1096/1400] id=e5edc854c80343fe8fd747bb7bf31459 em=0.0 f1=0.67 pred='Promissory Note'
[1097/1400] id=d43c698a4a4444c8a51ca58fea216d22 em=1.0 f1=1.00 pred='Val Kilmer'
[1098/1400] id=87d2dfd838c94dd5b8462fa868edda8f em=1.0 f1=1.00 pred='Heaven Can Wait'
[1099/1400] id=acbe0bdbebb0454c9b5a96a537e7b414 em=1.0 f1=1.00 pred='tortillas'
[1100/1400] id=265083cfc2bc481e8d8ed466bdb62543 em=1.0 f1=1.00 pred='Flickr'
[1101/1400] id=fbd263a6701c48a8ba24cadff0542457 em=0.0 f1=0.50 pred='Daniel Gabriel Fahrenheit'
[1102/1400] id=98e59cbf1c7047ecbf36b4b7382d3948 em=1.0 f1=1.00 pred='debts'
[1103/1400] id=bc098dd8220e474bb29845ce026fb599 em=1.0 f1=1.00 pred='Gateway'
[1104/1400] id=b43617fa1fc145e6809f24a7a652772c em=1.0 f1=1.00 pred='Fiddler on the Roof'
[1105/1400] id=e16de15cd4ce49ae9730d2d50de9f032 em=1.0 f1=1.00 pred="Burt's Bees"
[1106/1400] id=2d9a9efee3994717a1db7cf02e0f206d em=1.0 f1=1.00 pred='submarine'
[1107/1400] id=0b43263922b84f66ab78b0df30dc751e em=1.0 f1=1.00 pred='Saturn'
[1108/1400] id=73726187be7f46a0ab4e6a0a8e9ce810 em=1.0 f1=1.00 pred='Plumeria'
[1109/1400] id=5291a269c9de4712b4900236eb4fe5d4 em=1.0 f1=1.00 pred='fox'
[1110/1400] id=a4b854f73b0644d1b72679fd808db834 em=0.0 f1=0.80 pred='Gerry and the Pacemakers'
[1111/1400] id=de3cc412c77c49d2b1c90c72b3e2c4f1 em=1.0 f1=1.00 pred='deposit'
[1112/1400] id=5be6164a777b48f4bd10f228f27fd1fb em=1.0 f1=1.00 pred='The Owl and the Pussycat'
[1113/1400] id=7a8912ce2dd54b09b9bb42f96dc073b4 em=1.0 f1=1.00 pred='Tequila Sunrise'
[1114/1400] id=53846a14ec1e49918818c1bcdcddd918 em=1.0 f1=1.00 pred='The Twilight Zone'
[1115/1400] id=4c66521b076449809cc45c46c834cebf em=1.0 f1=1.00 pred='cricket'
[1116/1400] id=3f4bc6026bc340d7bf286106d2381976 em=1.0 f1=1.00 pred='Benjamin'
[1117/1400] id=4b6ab1f198474d779f28bddbb79937a2 em=1.0 f1=1.00 pred='Ford'
[1118/1400] id=fbabb7185c374402801f5257f49b5309 em=1.0 f1=1.00 pred='AAA'
[1119/1400] id=d79569103b7740f0a5684e2ec335e6b5 em=1.0 f1=1.00 pred='Renaissance'
[1120/1400] id=1d78dedb35da483aa19ae93ef984728c em=0.0 f1=0.67 pred='Right brain'
[1121/1400] id=bf17e4448a5a428593a1711cbc0c1feb em=1.0 f1=1.00 pred='Seven Samurai'
[1122/1400] id=1d6d2c9e18184226911b9d16a97f3530 em=1.0 f1=1.00 pred='Sir Edmund Hillary'
[1123/1400] id=24d7105838f64c03a776555096791036 em=0.0 f1=0.67 pred='Rudyard Kipling'
[1124/1400] id=ea747bee47074bf980f47568a81425b1 em=1.0 f1=1.00 pred='gold'
[1125/1400] id=e2fa62b96fda4696b30620f521123361 em=1.0 f1=1.00 pred='Benito Mussolini'
[1126/1400] id=4b90f476ede9474aa7eb7e904961c163 em=1.0 f1=1.00 pred='nightingale'
[1127/1400] id=4641f3042c1746abb5c9ac68570e7d59 em=1.0 f1=1.00 pred='canoe'
[1128/1400] id=4c2c3e9c647a45dda53707d3dc4513a5 em=0.0 f1=0.00 pred='Breckenridge'
[1129/1400] id=23a78c52899941588ac23167674cce6a em=1.0 f1=1.00 pred='Netherlands'
[1130/1400] id=ec6eb845b2034cc98fc4c430be032e7f em=1.0 f1=1.00 pred='Dustin Hoffman'
[1131/1400] id=d89950b1a4264e0fb3790eea755d2f71 em=1.0 f1=1.00 pred='garlic'
[1132/1400] id=e13ba717f9e54416bb61bfb665510cdd em=1.0 f1=1.00 pred='Stonehenge'
[1133/1400] id=dba14eb45c5b4a02814ad91361e35a36 em=1.0 f1=1.00 pred='Do'
[1134/1400] id=273e54aff0a149e08852c43ca2c5ea89 em=0.0 f1=0.00 pred='orange flower water'
[1135/1400] id=5e8058a7b16d43f485517f81ee3b4a3a em=1.0 f1=1.00 pred='Louis Rukeyser'
[1136/1400] id=19803226726c4e5592cc9584cc09c1ca em=1.0 f1=1.00 pred='Vietnam'
[1137/1400] id=90f714b5b60c45cdaaa5a32865335619 em=1.0 f1=1.00 pred='Stamp Act'
[1138/1400] id=8cec7fcf760149dfb56506296bb3dbbb em=0.0 f1=0.00 pred='Pudge'
[1139/1400] id=59ec0cf2e15944659c77b96d911ceab0 em=1.0 f1=1.00 pred='Syntax'
[1140/1400] id=f26047f9818a46b3a4e70a13f0ee2afe em=1.0 f1=1.00 pred='Dolley Madison'
[1141/1400] id=12ec5c93c19146fdbbeea0c8bbf650cd em=1.0 f1=1.00 pred='Gene Hackman'
[1142/1400] id=a51fee9868e746cfb2897294ccbf495b em=1.0 f1=1.00 pred='Jimmy Swaggart'
[1143/1400] id=1137531e97ba4657aa07c7a33e864378 em=1.0 f1=1.00 pred='Stephen Crane'
[1144/1400] id=7f2457574fc74af697837b4a285a2d31 em=1.0 f1=1.00 pred='Pearl'
[1145/1400] id=d6bb04944a314e1eb2249f019cfac2f6 em=1.0 f1=1.00 pred='Gentlemen Prefer Blondes'
[1146/1400] id=208fecbd8c5449c1bd1b0177453cf9b7 em=1.0 f1=1.00 pred='Max Planck'
[1147/1400] id=1ab28a192f6e4b14a0071a741c9787e1 em=1.0 f1=1.00 pred='David'
[1148/1400] id=e8d79a2a8fe74e84bf6f81043f5e5641 em=1.0 f1=1.00 pred='Norway'
[1149/1400] id=7b6534dc66d6458ebaac8ef00c98c7f5 em=1.0 f1=1.00 pred='Judi Dench'
[1150/1400] id=8bc9e0ba6f914607960f73cd61bdd607 em=0.0 f1=0.00 pred='August von Wassermann'
[1151/1400] id=c05d9ada766347b4972e10b6534785f1 em=1.0 f1=1.00 pred='Hallmark'
[1152/1400] id=1db6e2ef1adf4e80bde4fb0a65b4a94c em=1.0 f1=1.00 pred='Rose Hips'
[1153/1400] id=4e1a0a534af94137bb8bcf832c41339f em=1.0 f1=1.00 pred='Northern Exposure'
[1154/1400] id=f1de564a1f2f4a6ca813f99b5b4e8bee em=1.0 f1=1.00 pred='cello'
[1155/1400] id=6f5857f474d0451ea88b8d42218c5dc6 em=1.0 f1=1.00 pred='Erin Go Bragh'
[1156/1400] id=959bab0d571f4f429d1c1923cb3855d7 em=1.0 f1=1.00 pred='Douglas MacArthur'
[1157/1400] id=3bc29910565f4107b297185e7313c776 em=1.0 f1=1.00 pred='Louisiana'
[1158/1400] id=06c9760491af4b67ab944157736a1d37 em=1.0 f1=1.00 pred='e'
[1159/1400] id=1c6179d329394b268eea8f552523b321 em=1.0 f1=1.00 pred='Ismene'
[1160/1400] id=6fc666ad7c134435b8cf8fcf23f8125d em=1.0 f1=1.00 pred='Babe Ruth'
[1161/1400] id=a487a81f868c4dae9fabcf38497396d1 em=1.0 f1=1.00 pred='Lincoln Tunnel'
[1162/1400] id=3d16c7b6ee554932b816c4da93f147f1 em=1.0 f1=1.00 pred='endive'
[1163/1400] id=9d66eb57ab8a460381f2299472833c31 em=1.0 f1=1.00 pred='oats'
[1164/1400] id=ba5604cc15714549b1887dda4c79ee1e em=1.0 f1=1.00 pred='Boz'
[1165/1400] id=bd838a345ffe4ec9bf4cf009757b432d em=1.0 f1=1.00 pred='Florida'
[1166/1400] id=a1fff358ccfa4bf2b53a911e082e4cd3 em=1.0 f1=1.00 pred='You had me at hello'
[1167/1400] id=4180c44eaf304a9a956122b8e8523ac6 em=1.0 f1=1.00 pred='Herbert Hoover'
[1168/1400] id=7902980ac783461d8f4d50274667d644 em=1.0 f1=1.00 pred='monogamist'
[1169/1400] id=35ed2ae3d74d461996decc596476332d em=1.0 f1=1.00 pred='burning bush'
[1170/1400] id=249f4c256b544aeabfb919547d7f5969 em=1.0 f1=1.00 pred='prehensile'
[1171/1400] id=682e265ba77543ec884da14042e3ac90 em=0.0 f1=0.00 pred='Slim'
[1172/1400] id=aa26349086304052b78f80d0bbbffd62 em=1.0 f1=1.00 pred='poll tax'
[1173/1400] id=4e5f40aa1f284f6685174a757e1931ad em=0.0 f1=0.80 pred='Jacob and Esau'
[1174/1400] id=87e2674ce8d84e098f2f768e294d74e3 em=1.0 f1=1.00 pred='Luxembourg'
[1175/1400] id=ba71cadcf9904c98827906d1c71b9c2d em=1.0 f1=1.00 pred='Urban Outfitters'
[1176/1400] id=ce8c2511f6a2487995e557418f159efb em=0.0 f1=0.00 pred='Marsupial'
[1177/1400] id=23a9f0f9823f4c6ba66163b1652a6b05 em=1.0 f1=1.00 pred='Rhapsody'
[1178/1400] id=0d267ecf2d3e4b4499a98671ae7e31ff em=0.0 f1=0.00 pred='The Good Life'
[1179/1400] id=43a169819bd049dab9e207b0422b733f em=1.0 f1=1.00 pred='Moonlighting'
[1180/1400] id=135b71ec2d6f4f718913298108dcd76b em=1.0 f1=1.00 pred='City Slickers'
[1181/1400] id=8ead639f93fc46acb2b2761fc7689641 em=1.0 f1=1.00 pred='Catherine of Aragon'
[1182/1400] id=550a165ae0c647848de379bee1e01e93 em=1.0 f1=1.00 pred='Resuscitation'
[1183/1400] id=5b4ee5101c9847c68cacae79a5ddaf0a em=1.0 f1=1.00 pred='Connecticut'
[1184/1400] id=1d4b08ca62204b51b18519d5f7ef66f6 em=1.0 f1=1.00 pred='Goodyear'
[1185/1400] id=f6ceae406d594d36865f739600922848 em=1.0 f1=1.00 pred='St. Francis of Assisi'
[1186/1400] id=235ada881f2348ed80b6790a9cdf6415 em=1.0 f1=1.00 pred='University of Kansas'
[1187/1400] id=75b567bfce2d483788f98ecb7472f47c em=0.0 f1=0.67 pred='Abraham Lincoln'
[1188/1400] id=5eaf2421079b4899a10cbee96d2cee23 em=1.0 f1=1.00 pred='Patrick Dempsey'
[1189/1400] id=d702c769002043d08be0f9187d32ac74 em=0.0 f1=0.00 pred='Maria Island'
[1190/1400] id=9a291c44fa1a4d78af5ffdeca1928abd em=1.0 f1=1.00 pred='March'
[1191/1400] id=460bc426e17b4230a01b3c46c9de3b1c em=1.0 f1=1.00 pred='Bangkok'
[1192/1400] id=0def91a119864db7b82f8988d40fa07a em=1.0 f1=1.00 pred='jimmy'
[1193/1400] id=1d2807eaaa88446189a53b419b218704 em=1.0 f1=1.00 pred='Russia'
[1194/1400] id=7ba7634b50af453eb2d560bf6c4bb791 em=1.0 f1=1.00 pred='South Africa'
[1195/1400] id=258ba1332823434980ec88d9ae9e6296 em=1.0 f1=1.00 pred='Harold Macmillan'
[1196/1400] id=a75a2c793da5402a830e01de7f154cc0 em=1.0 f1=1.00 pred='Billy Idol'
[1197/1400] id=626b5316c9e14300b27596c27e1a5c7b em=1.0 f1=1.00 pred='Quiver'
[1198/1400] id=d9ea918c55124d12aaa071e29e6c1e28 em=1.0 f1=1.00 pred='Croque Madame'
[1199/1400] id=889a04db874a42f199b597a5f4708bcd em=1.0 f1=1.00 pred='Death'
[1200/1400] id=0c689092f8f44ff995d71ba883c6791e em=1.0 f1=1.00 pred='Sundance Kid'
[1201/1400] id=b1c0c65c74c24c259b951d6a0d48d561 em=1.0 f1=1.00 pred='Roberto Clemente'
[1202/1400] id=83e227fab836438b9c23a5eabee3f985 em=1.0 f1=1.00 pred='Samuel Morse'
[1203/1400] id=39442a5c0c614514b0221df11489fef3 em=1.0 f1=1.00 pred='carbon dioxide'
[1204/1400] id=d94eac11cc30427fac64da9184a9fa41 em=1.0 f1=1.00 pred='Sacha Baron Cohen'
[1205/1400] id=d80763e7226c4f61b747fc7525be2b9e em=1.0 f1=1.00 pred='Austria'
[1206/1400] id=a6ad95f3074e479facf2421462d3f240 em=1.0 f1=1.00 pred='Maryland'
[1207/1400] id=5299ec94dfd7479b83743a56d5f563da em=1.0 f1=1.00 pred='Picabo Street'
[1208/1400] id=dff359c841e6483e8c5ab98bce20fc29 em=0.0 f1=0.00 pred='Free fall'
[1209/1400] id=e2d39b4356ea455fb10eed85deda8040 em=0.0 f1=0.67 pred='Marlon Brando'
[1210/1400] id=ee7665e36cc34a67ba02ba0b1d8a7bcc em=0.0 f1=0.00 pred='Standard Oil of New Jersey'
[1211/1400] id=8e8417cee60d41d8bcaab2602c2f6808 em=1.0 f1=1.00 pred='Michael Jordan'
[1212/1400] id=582bb618fff14b64bff4fe76b41792ad em=1.0 f1=1.00 pred='Croatia'
[1213/1400] id=6dc7354a878e434f999c5f540d943bbb em=1.0 f1=1.00 pred='war'
[1214/1400] id=8a5053cc7aca4cd1a5ffda77ddb5ce9a em=1.0 f1=1.00 pred='Wayne Gretzky'
[1215/1400] id=4674a33a917041a3abfa3251b52665b7 em=1.0 f1=1.00 pred='Ark of the Covenant'
[1216/1400] id=15c144e4d19d4ccaacecdf41d55cc6cc em=1.0 f1=1.00 pred='Vladivostok'
[1217/1400] id=cc847264086e4567aacc1f8062666dde em=1.0 f1=1.00 pred='Istanbul'
[1218/1400] id=d64533a9d99740d3a80b43bf66e34ac2 em=1.0 f1=1.00 pred='Los Angeles Times'
[1219/1400] id=c6b75f3d0e3247aca276bac0180e28ad em=1.0 f1=1.00 pred='Peter the Great'
[1220/1400] id=d3b1dec56b024c339380693b31ae4930 em=0.0 f1=0.67 pred='Administrative Professionals Day'
[1221/1400] id=8361a9df6ddf4364a8299dc8026e7747 em=1.0 f1=1.00 pred='Punch & Judy'
[1222/1400] id=eec2fd38adce4af1a7c28c7ed67a1e1a em=1.0 f1=1.00 pred='Michigan'
[1223/1400] id=2f6470a0709b4fd3a29d7a0a2fd89df2 em=1.0 f1=1.00 pred='Red Grange'
[1224/1400] id=574cafa1c08f45888c669417d5605c91 em=1.0 f1=1.00 pred='Guy Fawkes'
[1225/1400] id=676039c9bae441ceb21198523bf6e920 em=1.0 f1=1.00 pred='Win, Lose or Draw'
[1226/1400] id=29b16038d8d842b8911d0c6cda23ee03 em=1.0 f1=1.00 pred='Hanson'
[1227/1400] id=9baa6e227fc843eaa3aae5983ef9424a em=1.0 f1=1.00 pred='wheelbarrow'
[1228/1400] id=73f0dd252a6c4ea994872f064611aa27 em=0.0 f1=0.50 pred='Council of Better Business Bureaus'
[1229/1400] id=5348edf0674f4896956056dd6ce97675 em=1.0 f1=1.00 pred='lullaby'
[1230/1400] id=e306bcb045c3479280aae5c54c7fc0a1 em=1.0 f1=1.00 pred='Henry VIII'
[1231/1400] id=a054243caf0a49b59814afdb8d715755 em=0.0 f1=0.67 pred='Paul Gauguin'
[1232/1400] id=07073c3e2de94a46a90014f980f6eb36 em=1.0 f1=1.00 pred='Dick Durbin'
[1233/1400] id=5b6144764a754301808a9375717cad70 em=1.0 f1=1.00 pred='high jump'
[1234/1400] id=736d549bc5a343c1a16e4b0a95895c72 em=1.0 f1=1.00 pred='The Lorax'
[1235/1400] id=473fd0c2989541d7818aa50866c02941 em=1.0 f1=1.00 pred='swelling'
[1236/1400] id=9f7ab33db32d405c808a2a9479086e06 em=1.0 f1=1.00 pred='jack'
[1237/1400] id=1cde9fe2c8f9435aa48e34c4470bba4a em=1.0 f1=1.00 pred='Sarah Bernhardt'
[1238/1400] id=6d5a1caf360b4cc4af48f703ac98bea6 em=0.0 f1=0.00 pred='Irina Spalko'
[1239/1400] id=2989bc1f17274269ab803d3035267289 em=1.0 f1=1.00 pred='Porcelain'
[1240/1400] id=d1888a2614b147eeb2957960ac521fe1 em=1.0 f1=1.00 pred='Tennessee'
[1241/1400] id=c2f98462f1334e018aedf02dee8e4313 em=1.0 f1=1.00 pred='Oh, God!'
[1242/1400] id=5d88f1541dc44bfbb209a1b38da8f0c5 em=1.0 f1=1.00 pred='Creation'
[1243/1400] id=10f7141925ef42e2bad2689c5e9c0eda em=1.0 f1=1.00 pred='Pituitary gland'
[1244/1400] id=98c0e02584b04c36927b5cb2a4dd1677 em=1.0 f1=1.00 pred='Benazir Bhutto'
[1245/1400] id=65b73d8b6bb447a5aa7a83be192a3caa em=1.0 f1=1.00 pred='Cesare Borgia'
[1246/1400] id=b5449c84277b434398372a0c84965db3 em=1.0 f1=1.00 pred='Aleph'
[1247/1400] id=f76941e170a44d948c25ceb88c18557b em=1.0 f1=1.00 pred='May'
[1248/1400] id=22f37f01b06d4413af29385abf55c2d3 em=1.0 f1=1.00 pred='30'
[1249/1400] id=f0ce0795002b414387a0a2fdd3e8719a em=1.0 f1=1.00 pred='-phile'
[1250/1400] id=60b000db8da6444098b74c01cc1eb0e2 em=1.0 f1=1.00 pred='Riding in Cars with Boys'
[1251/1400] id=cade297c16cc4381b27843c523b0c43c em=1.0 f1=1.00 pred='Memphis Belle'
[1252/1400] id=b4438c6b6b514aa4a1981bef9d30b21f em=1.0 f1=1.00 pred='Jersey Joe'
[1253/1400] id=7a21823438ee4da494e7e27783ef2d42 em=1.0 f1=1.00 pred='Pole vault'
[1254/1400] id=96a445e4c32e496baea79636db8eccb9 em=1.0 f1=1.00 pred='Buckingham Palace'
[1255/1400] id=7cb802714cea406aa9c35601bb1b2c23 em=1.0 f1=1.00 pred='Conversation'
[1256/1400] id=e7f1885a07d94efbbebe04829106830c em=1.0 f1=1.00 pred='Dalmatian'
[1257/1400] id=8ed57f5c2ea64cf9b3d62d346ca092e4 em=1.0 f1=1.00 pred='Aaron Copland'
[1258/1400] id=f75e4eca3b14449d915798485cc51c27 em=1.0 f1=1.00 pred='pens'
[1259/1400] id=bb3d2564665c46e2a30f97a7d5eae18f em=1.0 f1=1.00 pred='Amun'
[1260/1400] id=647e28cc0a244bed847c249d6e8da4f4 em=1.0 f1=1.00 pred="Barber's pole"
[1261/1400] id=9ad3ddc83fcd44078bdecf5310945776 em=1.0 f1=1.00 pred='Glitter'
[1262/1400] id=981894e1f0174f148bfc896cc6c37c38 em=1.0 f1=1.00 pred='Cape Town'
[1263/1400] id=1a5f20f916df46fdb63bc3469336056e em=1.0 f1=1.00 pred='Hotel California'
[1264/1400] id=e10044cc3cae45608f6bdaf58005a26f em=1.0 f1=1.00 pred='Agra'
[1265/1400] id=7ee3c5d3e0774f0b9a983092d4409d7f em=1.0 f1=1.00 pred='canticle'
[1266/1400] id=f6ca20337fba45df808efe56587cd5d5 em=0.0 f1=0.67 pred='Scripps National Spelling Bee'
[1267/1400] id=00b991d41226417bb77c2825488baac5 em=1.0 f1=1.00 pred='Sierra Leone'
[1268/1400] id=ced61a206d8343fb937e03fd2e76a5ba em=1.0 f1=1.00 pred='mercury'
[1269/1400] id=a94000ad11e442f898abfb5d3bd5e1fe em=0.0 f1=0.00 pred='Thomas R. Marshall'
[1270/1400] id=9f05e19748384eacbb1a707586954726 em=1.0 f1=1.00 pred='South America'
[1271/1400] id=5d0101c39a8f4b0390277b73d6ca4005 em=0.0 f1=0.00 pred='Franklin D. Roosevelt'
[1272/1400] id=287dfdc1112d49139b699e77a743cdbf em=1.0 f1=1.00 pred='IKEA'
[1273/1400] id=48ae0009527a4ba0842cf64a51233faf em=1.0 f1=1.00 pred='Gestation'
[1274/1400] id=ddb9ebc2b0824145a5a1561d3e303ac0 em=0.0 f1=0.67 pred='Augusta'
[1275/1400] id=faa49d92b4c0411590608ab3ff7dbd72 em=1.0 f1=1.00 pred='Cleveland'
[1276/1400] id=8d987ccf45474bd89253c283b0a2afbf em=0.0 f1=0.67 pred='Judas Iscariot'
[1277/1400] id=7a004527051f4f59ba6f9026620091ed em=1.0 f1=1.00 pred='Bering Strait'
[1278/1400] id=03a705842c15434283a4f09f89b8b553 em=1.0 f1=1.00 pred='Mexico'
[1279/1400] id=8fc577b2c9a24ab1bce297bad2408a47 em=0.0 f1=0.80 pred='Johns Hopkins University'
[1280/1400] id=fc7bfd85bc0249a8a29c7eb20eb47a7e em=1.0 f1=1.00 pred='Angels in America'
[1281/1400] id=fc7d5b5ff10649fb9d504f8c18c074b7 em=1.0 f1=1.00 pred='The Apprenticeship'
[1282/1400] id=5a42df77817c483ab33e7e25cd1ed18e em=0.0 f1=0.67 pred='fur seal'
[1283/1400] id=87885977c8e54c77a529f34c3b03411d em=1.0 f1=1.00 pred='algae'
[1284/1400] id=502fb1bae3ee4cbca89cd9f27ea336ad em=1.0 f1=1.00 pred='Warsaw'
[1285/1400] id=fe6e92dd15c0429b9204c0ab231039a9 em=1.0 f1=1.00 pred='Marsalis'
[1286/1400] id=934bccc0b59a4d75b6562ed5649c8985 em=0.0 f1=0.00 pred='Islands'
[1287/1400] id=9c037da132884b05be6639477d52a0fc em=1.0 f1=1.00 pred='Tiger Woods'
[1288/1400] id=6de37e27f88c44f291990360bf815f5a em=0.0 f1=0.67 pred='window'
[1289/1400] id=fd8a452315f149bca027943bf51dc942 em=1.0 f1=1.00 pred='TRESPASSING'
[1290/1400] id=9a87943f79f1420f80727b05bb2372de em=1.0 f1=1.00 pred='Lebanon'
[1291/1400] id=04ee94462305470b987a01d6405e159a em=1.0 f1=1.00 pred='Netflix'
[1292/1400] id=6f4ec63343fb46d0bf9b7a16802285d5 em=1.0 f1=1.00 pred='removed'
[1293/1400] id=300801d48f2f4d8088876d6a3061b3aa em=0.0 f1=0.00 pred='a traditional Spanish lace or silk veil or shawl worn over the head and shoulders'
[1294/1400] id=113ef1dcda894e588b26f9e31a1be728 em=0.0 f1=0.00 pred='Fraternal lodge'
[1295/1400] id=678a7691bb3e4274b624af40ef488b03 em=1.0 f1=1.00 pred='My Brilliant Career'
[1296/1400] id=ee64d64641884a29968d0d62af120707 em=1.0 f1=1.00 pred='Banquo'
[1297/1400] id=35001a53f50d46cea48df347c4179128 em=1.0 f1=1.00 pred='Grateful Dead'
[1298/1400] id=86bff10296aa4a27a1fc0b4952c4d0c9 em=1.0 f1=1.00 pred='Google'
[1299/1400] id=8d044f3c240847d2862aa7e0d73bd9d8 em=1.0 f1=1.00 pred='George Orwell'
[1300/1400] id=9bb18f3c66b44057947371fa8d185a1e em=1.0 f1=1.00 pred='sharpener'
[1301/1400] id=3ab1af1d409a4e1197e5b6e07b1c71a4 em=0.0 f1=0.50 pred='Grambling State University'
[1302/1400] id=0c78abcb5f1a4f029167c156ac56b000 em=1.0 f1=1.00 pred='Battle of New Orleans'
[1303/1400] id=c34e279373b949cf8e2c881dacec6171 em=1.0 f1=1.00 pred='Force'
[1304/1400] id=74788324a10444caa373c6c132264ef1 em=1.0 f1=1.00 pred='Alice'
[1305/1400] id=0b57ee37f76e4aedadcf30f3f3f64065 em=0.0 f1=0.00 pred='Asteroids'
[1306/1400] id=6996fbc6972043ce9f7e0cf90a55b30c em=1.0 f1=1.00 pred='Stomp the Yard'
[1307/1400] id=94289b1fd355402ebb4bea3a9f6c0aaa em=1.0 f1=1.00 pred='Brigham Young'
[1308/1400] id=e5e77a9058cc4bf7a92c6a911601f701 em=1.0 f1=1.00 pred='Tom Jones'
[1309/1400] id=4eb0744e8d644b80b94a1344a84859eb em=1.0 f1=1.00 pred='Eternity'
[1310/1400] id=59a121a02d124bfe84f296faf536ec34 em=1.0 f1=1.00 pred='churrasco'
[1311/1400] id=eda12d2897b048d29d06e154139b5247 em=1.0 f1=1.00 pred='Wikipedia'
[1312/1400] id=4edb4e2bad214db8978b50448dc480d2 em=1.0 f1=1.00 pred='Apathy'
[1313/1400] id=3a649663c9c24c5f990723e9ffce087e em=1.0 f1=1.00 pred='Gandhi'
[1314/1400] id=6b68a6dadf3d4c1fa91721ee57730bdb em=1.0 f1=1.00 pred='banquet'
[1315/1400] id=3706087847e5422f8271b5ef961601f3 em=1.0 f1=1.00 pred='Shannen Doherty'
[1316/1400] id=73bbbb3357304ec28774176d9745f8a0 em=1.0 f1=1.00 pred='Montana'
[1317/1400] id=6abaa808578a4e3fa8eebf0fb4746524 em=0.0 f1=0.00 pred='heartlight'
[1318/1400] id=10b4abb550ca406c8d4e33c9cff31fe2 em=1.0 f1=1.00 pred='Orange County'
[1319/1400] id=c2b851b5ff944169af497fcfcc7b5df5 em=1.0 f1=1.00 pred='Jordan'
[1320/1400] id=d95d8625d0334f89915ee105b9e34b4d em=1.0 f1=1.00 pred='curtsy'
[1321/1400] id=469ccca2f4df48c5bb1322f6ee1f5ae2 em=1.0 f1=1.00 pred='Russia'
[1322/1400] id=86d1ce36f5eb4b5f9d5a2f444e0d3410 em=1.0 f1=1.00 pred='Austria'
[1323/1400] id=1e2d37008d46461abe1a480c9e63bb2e em=1.0 f1=1.00 pred='Olga Korbut'
[1324/1400] id=c687496e98c74437bbc4b8bf606ac072 em=1.0 f1=1.00 pred='Sarah Bernhardt'
[1325/1400] id=5eb5d29e6f8f4ee6bb8c46f30b20bb90 em=1.0 f1=1.00 pred='Eliza Doolittle'
[1326/1400] id=95cf345e73974f0d88a4b8cc672d87f3 em=0.0 f1=0.67 pred='Nikola Tesla'
[1327/1400] id=8ce3c7071ee34ee7858f30496106e859 em=1.0 f1=1.00 pred='Battle of Crecy'
[1328/1400] id=428de1f33b694736b48478c9fa3d9c90 em=1.0 f1=1.00 pred='South Bend'
[1329/1400] id=113920ea62314360be6016cd2157ec4b em=1.0 f1=1.00 pred='1914'
[1330/1400] id=5f64cb16a5fe4ae59f115abb613a344f em=1.0 f1=1.00 pred='After all, tomorrow is another day!'
[1331/1400] id=d929253bd8954a849dfc86401d878d1f em=1.0 f1=1.00 pred='British Shorthair'
[1332/1400] id=b10f01cf02e04443a3de620e24f5f86c em=0.0 f1=0.50 pred='Honda pickup truck'
[1333/1400] id=1d8e752954e74f6eb7e718011414d6d7 em=0.0 f1=0.67 pred='Boy Scouts of America'
[1334/1400] id=e6cd02bc72bc4037b1c570a31c78e8d2 em=1.0 f1=1.00 pred='Prego'
[1335/1400] id=082c96ededd84d999e08d466a87df5b2 em=1.0 f1=1.00 pred='Libya'
[1336/1400] id=465d7e4fc1b840c7af24faea67493152 em=1.0 f1=1.00 pred='Greenwich Village'
[1337/1400] id=70202b1963a545e7ba8ebeea2b589c32 em=1.0 f1=1.00 pred='Margaret Mitchell'
[1338/1400] id=7ec750061ca34bbc927c07fd28f2cefa em=1.0 f1=1.00 pred='December'
[1339/1400] id=7793a82070884d96b11e47e8a1b5a7d7 em=1.0 f1=1.00 pred='Wilbur'
[1340/1400] id=8e11057543334656906b81118a19a735 em=1.0 f1=1.00 pred='The Mousetrap'
[1341/1400] id=328b8c0bf3f041cc8aac9d6e641c6d02 em=1.0 f1=1.00 pred='CN Tower'
[1342/1400] id=4d5e0dea4f574ac187add806d1714a0e em=1.0 f1=1.00 pred='James Thurber'
[1343/1400] id=dee7957065c94ee090d39bdf0373ef9a em=1.0 f1=1.00 pred='Vimy Ridge'
[1344/1400] id=a8648c93b9b0446f8ddeb9c823a713cf em=0.0 f1=0.00 pred='Great Expectations'
[1345/1400] id=03ff0bfba1e441cb952c5e96e081cd95 em=1.0 f1=1.00 pred='Jamaica'
[1346/1400] id=e479559a0b7b47789e1d5293852e6994 em=1.0 f1=1.00 pred='Precipitation'
[1347/1400] id=1027da416e6845f7b2dc1ec382291283 em=0.0 f1=0.67 pred='bread'
[1348/1400] id=8344454542d649fd92f5bf7b046d4bed em=1.0 f1=1.00 pred='Penn Station'
[1349/1400] id=708b4a8bae5249be828bd88d87df1881 em=0.0 f1=0.80 pred='Johann Strauss II'
[1350/1400] id=2851247e64e74637a690f20a08320673 em=1.0 f1=1.00 pred='Hugo Chavez'
[1351/1400] id=671f3c2e406f4ca7b41cb69fefe72e66 em=0.0 f1=0.00 pred='Pleasure Island'
[1352/1400] id=8fe10b939ea84d8abd2b64b409aa6d75 em=1.0 f1=1.00 pred='Condor'
[1353/1400] id=d4162c20a5414f1c83e112b7d4f484b1 em=1.0 f1=1.00 pred='Maria Full of Grace'
[1354/1400] id=7aefedbe5511421bacbdb9d6d5bd94e2 em=1.0 f1=1.00 pred='Alexandre Dumas'
[1355/1400] id=56f8ab13e599488db9ea7da6506dd22b em=1.0 f1=1.00 pred='high and dry'
[1356/1400] id=498bd3a0553c45aeaea0c0aff24ffdb6 em=0.0 f1=0.00 pred='Tim Burton'
[1357/1400] id=5793a138742e4e3d941703f36e07f1d6 em=1.0 f1=1.00 pred='Watercolor'
[1358/1400] id=3024323c6138434d9f1662affb9fb692 em=1.0 f1=1.00 pred='Rihanna'
[1359/1400] id=648a3e22947944589f67270b3bf39e5b em=1.0 f1=1.00 pred='Israel'
[1360/1400] id=aced03563b4b43af889b1dfbeea8930c em=1.0 f1=1.00 pred='Afrikaans'
[1361/1400] id=f8388135f4164e7c9b638736e6dbe2ea em=1.0 f1=1.00 pred='James Garner'
[1362/1400] id=08643f2395a442048048c00a198ffff0 em=1.0 f1=1.00 pred='modem'
[1363/1400] id=cff206087af64daeb2f1d2775346610b em=0.0 f1=0.67 pred='Indiana counties'
[1364/1400] id=bf73afe8bee84b3bbe542b2b88e4f8d8 em=1.0 f1=1.00 pred='League of Nations'
[1365/1400] id=e57213c97d9541dc97988ec38f544b3c em=0.0 f1=0.67 pred='Madden'
[1366/1400] id=3b118e16845f4c09a5c0ad28fa40b006 em=0.0 f1=0.00 pred='HYBRID'
[1367/1400] id=b697e6d84196496d8edf419d5fa91c5c em=1.0 f1=1.00 pred='Alaska'
[1368/1400] id=fa792aca44234b2ba8410edfad4fe8d4 em=1.0 f1=1.00 pred='Dreamgirls'
[1369/1400] id=8c9fb9585a8a4fea9fcbc4354bb8d103 em=1.0 f1=1.00 pred='Warren & Tonya Harding'
[1370/1400] id=09fb31b2ca0042ca8fc523353e633341 em=1.0 f1=1.00 pred="A Connecticut Yankee in King Arthur's Court"
[1371/1400] id=1f75dbd11b634d259b8e74de03011324 em=0.0 f1=0.67 pred='Richard Nixon'
[1372/1400] id=60f4ea1efa2c412a86b4739a9b046439 em=1.0 f1=1.00 pred='Herman Melville'
[1373/1400] id=a5d2e623e6c84312b5fe863872fbce1c em=1.0 f1=1.00 pred='Amsterdam'
[1374/1400] id=5ff5cbfe8f2b43ac9f83e280fd971805 em=1.0 f1=1.00 pred='rum'
[1375/1400] id=ed13c6c4f99a466abae80756060d24b0 em=1.0 f1=1.00 pred='Aqueduct'
[1376/1400] id=0262ecde89394a1594fe54ed6de67d5d em=1.0 f1=1.00 pred='Richard Branson'
[1377/1400] id=5a2b64d258194300b61e72edc4e56190 em=0.0 f1=0.00 pred='Interview with the Vampire'
[1378/1400] id=fbe47ed4a64c4659a4b0ea00be4d94b9 em=1.0 f1=1.00 pred='water'
[1379/1400] id=4b6b4fd437ea490f9c7064152fd5dcac em=1.0 f1=1.00 pred='The Last Remake of Beau Geste'
[1380/1400] id=a382ca2b34114134b632096cc1687285 em=1.0 f1=1.00 pred='Mont Blanc'
[1381/1400] id=7a903a18b8e44df0bc6b8af86c7e4bf8 em=1.0 f1=1.00 pred='copper'
[1382/1400] id=93c5050360564c80b95382bc27b44fb7 em=0.0 f1=0.67 pred='Rudolf Nureyev'
[1383/1400] id=bae1026af636465dbd8a49333f7c831e em=1.0 f1=1.00 pred='Super Size Me'
[1384/1400] id=2ecea5a42dd645ac8d8c0fb34920a228 em=1.0 f1=1.00 pred='caldera'
[1385/1400] id=e7304dd4e7914bdfbb2b912691b84422 em=1.0 f1=1.00 pred='Marco Polo'
[1386/1400] id=e39d19a65521470fa0a20de46fe730c0 em=1.0 f1=1.00 pred='Pfizer'
[1387/1400] id=a66e9943b68245029ef11c7874193702 em=1.0 f1=1.00 pred='stigma'
[1388/1400] id=7a5fb1ab2110493a8d592d19360934d2 em=0.0 f1=0.57 pred='capital of Bosnia and Herzegovina'
[1389/1400] id=77baa9369e3142f1a7884b426030dac0 em=1.0 f1=1.00 pred='The Big Sleep'
[1390/1400] id=5c63c75dfa8f4d4cad5bccf467ec9f9c em=1.0 f1=1.00 pred='Big Sky Conference'
[1391/1400] id=ebe62a81dd104541971b10c5a5564d20 em=0.0 f1=0.80 pred='Motor Voter Law'
[1392/1400] id=733fbb4bb2984bb4bf23569014902ff5 em=1.0 f1=1.00 pred='1997'
[1393/1400] id=81218a8ee1b04b7d879451985591f6fa em=1.0 f1=1.00 pred='heptathlon'
[1394/1400] id=56ecfbae1dcb45f0bff6b57741549963 em=0.0 f1=0.00 pred='Funk'
[1395/1400] id=3be35a549dce4bf090544d80e41457ed em=1.0 f1=1.00 pred='hope chest'
[1396/1400] id=007e0f579f49464d90e43b6e24cefbb4 em=1.0 f1=1.00 pred='Spanish-American War'
[1397/1400] id=aa3c5dbe762f4e359842e588b8ae47e9 em=0.0 f1=0.50 pred='Oprah Winfrey Leadership Academy for Girls'
[1398/1400] id=d6ba8697e6694769a0ed824a7df27252 em=0.0 f1=0.00 pred='Golfers'
[1399/1400] id=6ac7b9d73a2b4571b40b686fd84cda6c em=1.0 f1=1.00 pred='Ford'
[1400/1400] id=c9c3ac27321f436cb35d16796c19d8a6 em=0.0 f1=0.00 pred='Mouth'

==== Summary ====
{
  "n_items": 1400,
  "agent_ok": 1400,
  "agent_failed": 0,
  "em": 0.8093,
  "f1": 0.8862,
  "sub_em": 0.9236,
  "usage": {
    "prompt_tokens": 4130631,
    "completion_tokens": 870806,
    "api_calls": 0,
    "api_errors": 0
  }
}

Saved to experiments/judgestudy/candidates/greedy_step7
                                                                                                                                                                                                                                                                                                                                                                                                                                                                                                                                                                                                                                                                                                                                                                                                                                                                                                                                                                                                                                                                                                                                                                                                                                                                                                                                                                                                                                                                                                                                                                                                                                                                                                                                                                                                                                                                                                                                                                                                                                                                                                                                                                                                                                                                                                                                                                                                                                                                                                                                                                                                                                                                                                                                                                                                                                                                                                                                                                                                                                                                                                                                                                                                                                                                                                                                                                                                                                                                                                                                                                                                                                                                                                                                                                                                                                                                                                                                                                                                                                                                                                                                                                                                                                                                                                                                                                                                                                                                                                                                                                                                                                                                                                                                                                                                                                                                                                                                                                                                                                                                                                                                                                                                                                                                                                                                                                                                                                                                                                                                                                                                                                                                                                                                                                                                                                                                                                                                                                                                                                                                                                                                                                                                                                                                                                                                                                                                                                                                                                                                                                                                                                                                                                                                                                                                                                                                                                                                                                                                                                                                                                                                                                                                                                                                                                                                                                                                                                                                                                                                                                                                                                                                                                                                                                                                                                                                                                                                                                                                                                                                                                                                                                                                                                                                                                                                                                                                                                                                                                                                                                                                                                                                                                                                                                                                                                                                                                                                                                                                                                                                                                                                                                                                                                                                                                                                                                                                                                                                                                                                                                                                                                                                                                                                                                                                                                                                                                                                                                                                                                                                                                                                                                                                                                                                                                                                                                                                                                                                                                                                                                                                                                                                                                                                                                                                                                                                                                                                                                                                                                                                                                                                                                                                                                                                                                                                                                                                                                                                                                                                                                                                                                                                                                                                                                                                                                                                                                                                                                                                                                                                                                                                                                                                                                                                      [781/1400] id=741f6007092a4251bbb733f8251d6ff8 em=0.0 f1=0.67 pred='Backdoor virus'
[782/1400] id=55de755622204878942357d6f0752184 em=0.0 f1=0.67 pred='Edouard Manet'
[783/1400] id=f285b18402cc4d1ea3cdbab6ece293df em=1.0 f1=1.00 pred="Surf's Up"
[784/1400] id=a7674332b87849f4b6cbc64be28b233b em=1.0 f1=1.00 pred='College of William and Mary'
[785/1400] id=b57a65e684504d9db9a6878292c0313e em=1.0 f1=1.00 pred='Driving Miss Daisy'
[786/1400] id=7be9991d6f6947e4acc72ea8644b82f5 em=1.0 f1=1.00 pred='King John'
[787/1400] id=9e8622f9a9184715982fd8dd1c6e3ba0 em=1.0 f1=1.00 pred='People'
[788/1400] id=e2801d2a3baa454f90ef2f954c07989c em=1.0 f1=1.00 pred='John Bunyan'
[789/1400] id=730d1b61b948484394b9c56703bdb2b3 em=1.0 f1=1.00 pred='Scrabble'
[790/1400] id=52adaf3083cf4e9d97bdd9fe1d9063cd em=0.0 f1=0.00 pred='Discarded literary endings'
[791/1400] id=7c69a9380360429d91cf729201196b16 em=1.0 f1=1.00 pred='Beagle'
[792/1400] id=da6a69045302434d8aec0c0ddbee1a49 em=1.0 f1=1.00 pred='Rubaiyat'
[793/1400] id=d274307a500d4d8c8cbf30faf5589cf0 em=1.0 f1=1.00 pred='Running of the Bulls'
[794/1400] id=3b3c239c629640659e5eba502a817ced em=1.0 f1=1.00 pred='Jim Carrey'
[795/1400] id=21df075c378849ab9411a0ffaddb3697 em=1.0 f1=1.00 pred='Easter'
[796/1400] id=da2feb04ad764ada9fb88189716f1142 em=1.0 f1=1.00 pred='Heidi'
[797/1400] id=2d909b42ef974963b8918ab1c6771b84 em=1.0 f1=1.00 pred='George Reeves'
[798/1400] id=eecd780002e6481f93ab585f1ba80ab0 em=1.0 f1=1.00 pred="Gulliver's Travels"
[799/1400] id=89eb757291114ed8ac5bb0df63cff34b em=0.0 f1=0.33 pred='former U.S. Senator from Virginia'
[800/1400] id=dbcadf420ab94399b8137e3bab4eb2c8 em=1.0 f1=1.00 pred='Nitrogen'
[801/1400] id=fa3a3d392e1f435f996add8371a798bf em=1.0 f1=1.00 pred='Samuel Goldwyn'
[802/1400] id=7e6a0f89411346e2ad88dc04a2be77e3 em=1.0 f1=1.00 pred='Robert A. Taft'
[803/1400] id=18f57112ccf54db680526fe8d04f0a0f em=1.0 f1=1.00 pred='24'
[804/1400] id=24faa13b2b7748f4babea2d6320d458e em=0.0 f1=0.67 pred='Sweater'
[805/1400] id=649fdc580ea74665a873f6a0e29907a5 em=1.0 f1=1.00 pred='Greyhound'
[806/1400] id=5bd2e40ac0a54e1db12f2b37f3a86f6c em=1.0 f1=1.00 pred='Rwanda & Burundi'
[807/1400] id=f359127d25b646d6b1cf595ca1f44c62 em=1.0 f1=1.00 pred='The Polar Express'
[808/1400] id=15d8c4fb9ed1486f8e6d80ffcd7d0948 em=0.0 f1=0.67 pred='laser'
[809/1400] id=380905a8be3140d2b8c53427fe923b73 em=1.0 f1=1.00 pred='Jack Johnson'
[810/1400] id=7497bd11227f4bd8b027c5f737c3f23c em=1.0 f1=1.00 pred='Pineapple'
[811/1400] id=511231befba84f3baaf198cd8b32f541 em=0.0 f1=0.67 pred='Apollo program'
[812/1400] id=a0dbc05648a74890a966350c81704622 em=1.0 f1=1.00 pred='Shakira'
[813/1400] id=ed3126e9b1c046a88952849cde65acd2 em=1.0 f1=1.00 pred='leather feather'
[814/1400] id=e04f70f907f0419ba627c6889342eeb1 em=1.0 f1=1.00 pred='Interlaken'
[815/1400] id=87d921a79a624189b7fdbce4ba1c3409 em=0.0 f1=0.67 pred='Snipe'
[816/1400] id=a0d9bcba64594ec0aaeb2d1cad1a8b59 em=1.0 f1=1.00 pred='Jacques-Louis David'
[817/1400] id=dc0df73d4fe3474cabd047b65c70d911 em=1.0 f1=1.00 pred='Dr. Strangelove'
[818/1400] id=8e0843e73a22433c845d554d79bac4ab em=1.0 f1=1.00 pred='Matt Dillon'
[819/1400] id=734c12b3c61f499eb696ab2e7e7521cd em=0.0 f1=0.00 pred='Mount Hermon'
[820/1400] id=dac2c24d81ce4899823c9d4fd9f47db9 em=1.0 f1=1.00 pred='Greece'
[821/1400] id=4fdd00881ae641ba9535e22d64c3a0ff em=1.0 f1=1.00 pred='bazooka'
[822/1400] id=579ae7a5dde34d1f8d20f3c5b644f5f4 em=1.0 f1=1.00 pred='Titans'
[823/1400] id=09a3c29bd469417c9ee3cec55c1d4b73 em=1.0 f1=1.00 pred='Aristotle'
[824/1400] id=85a8040e8294493b8d038621e6a04930 em=1.0 f1=1.00 pred='winter'
[825/1400] id=9625aec4508b46ab8ff49452ae77c08b em=1.0 f1=1.00 pred='court'
[826/1400] id=c35fa3ed34bf4b0e8116f10d1913d75c em=1.0 f1=1.00 pred='Rug'
[827/1400] id=b34b82628e4b4361846043c8dcfb8aac em=0.0 f1=0.00 pred='Bridgeport'
[828/1400] id=c421ee82b0594e76b762cd052e3dfa6f em=1.0 f1=1.00 pred='triangle'
[829/1400] id=dc15fa04af0040f1b7999769ac1da899 em=1.0 f1=1.00 pred='Andrew Marvell'
[830/1400] id=777b196aeee34792b1c79c7d022ca04a em=1.0 f1=1.00 pred='cyclotron'
[831/1400] id=a534d740d99c4f4ebaf7745907603113 em=1.0 f1=1.00 pred='Wright Brothers'
[832/1400] id=49f06cb45863458e82c2cc98d6496fe6 em=1.0 f1=1.00 pred='lime'
[833/1400] id=ff2942e7dcec4b54bb5b4d1c35678ae0 em=1.0 f1=1.00 pred='Patrick Henry'
[834/1400] id=f257a2c9688441719bc8b80bb03ed3a1 em=0.0 f1=0.00 pred='Lute'
[835/1400] id=87662c5037b04f44a5e20fcc7c925f98 em=1.0 f1=1.00 pred='Minerva'
[836/1400] id=979feb65f2b643589a974182664cbeb6 em=1.0 f1=1.00 pred='Frank Sinatra'
[837/1400] id=dcd5ede5eac44e12b8da2c1f88d05596 em=1.0 f1=1.00 pred='Philip Morris'
[838/1400] id=fa1600f545b14703b72b253b24ba1673 em=1.0 f1=1.00 pred='Pablo Neruda'
[839/1400] id=9d65ae3eff6940dd88b0b66996c9360d em=1.0 f1=1.00 pred='hat'
[840/1400] id=93269a66ef94416f8fa08257efc9d30e em=1.0 f1=1.00 pred='Eel'
[841/1400] id=2912f5399c2f4fb6a7c520306d8caf3a em=1.0 f1=1.00 pred='Chesapeake Bay'
[842/1400] id=b92a6b9037e74c47a219a30a0a813683 em=1.0 f1=1.00 pred='Indian reservations'
[843/1400] id=bf2db66e80ff469e979ac4e9f6b255c4 em=0.0 f1=0.50 pred='Fish fingers'
[844/1400] id=ceaa70ad97bc40cabc6b6fd99e37b0e4 em=1.0 f1=1.00 pred='piece of the pie'
[845/1400] id=aac65b2641484039b5af31a876f03f10 em=1.0 f1=1.00 pred='Denmark'
[846/1400] id=142c46ffc40d484d9a9805811fa8d989 em=0.0 f1=0.80 pred='Operation Desert Shield'
[847/1400] id=75a1657798b3412e83c28343a93c6a2e em=0.0 f1=0.00 pred='Bagpipes'
[848/1400] id=3201d8f450dd47debc62e21b5fb3c490 em=1.0 f1=1.00 pred='Venus'
[849/1400] id=11b2ebf9061545afa597e33b12888dd0 em=1.0 f1=1.00 pred='Mexico'
[850/1400] id=4a641c9367f84b589e5be486a01c9078 em=0.0 f1=0.40 pred='P. T. Barnum'
[851/1400] id=16f4d1a28f264c15b4c93460cf2d985a em=0.0 f1=0.67 pred='Aloha Airlines'
[852/1400] id=b956696a520f4490ba457c175cf49b4f em=1.0 f1=1.00 pred='Western Wall'
[853/1400] id=6b8be20329f043138222e3bef58cd516 em=1.0 f1=1.00 pred='Victor Hugo'
[854/1400] id=1e57515dad4841e3b0cca4d623cb78ff em=1.0 f1=1.00 pred='Paul Gauguin'
[855/1400] id=6bc9eb6be6ef40488546f5c5a2656b0b em=1.0 f1=1.00 pred='Kokomo'
[856/1400] id=b7daed3b13b24c2c900b3db34091f5af em=1.0 f1=1.00 pred='Mr. Ed'
[857/1400] id=f9eb03ae442c4afa9ea03d58106ec819 em=1.0 f1=1.00 pred='John Coltrane'
[858/1400] id=8bf26a55b8e24999a71cec5c22dd6003 em=1.0 f1=1.00 pred='Qatar'
[859/1400] id=4419b5d125bd4eeea134f2cc05561f0d em=1.0 f1=1.00 pred='Rochester'
[860/1400] id=3d47899ab972454cb664fa33109370c2 em=1.0 f1=1.00 pred='Hypnos'
[861/1400] id=aa5ccdb669c54275a3ac03c724a4f2e9 em=1.0 f1=1.00 pred='Tanzania'
[862/1400] id=15e2f1ce0d4a4cfc80335a7d931fa6c0 em=1.0 f1=1.00 pred="The Pilgrim's Progress"
[863/1400] id=67e7f225634c4cba8a31bb6fbc51a107 em=1.0 f1=1.00 pred='Des Moines'
[864/1400] id=d104edea8ff5470a98dc6f81520e39e1 em=1.0 f1=1.00 pred='Detroit'
[865/1400] id=3829f770d336410dbfb6091efdbcad94 em=1.0 f1=1.00 pred='Ross Perot'
[866/1400] id=2e44b7a3015a4079a8460c2c84963a6b em=0.0 f1=0.67 pred='Hollandaise sauce'
[867/1400] id=94cdf72aba2b4b06a1c9ce934cd407ca em=1.0 f1=1.00 pred='recto'
[868/1400] id=54e7aaba9cbb454a86af6d916a71109b em=1.0 f1=1.00 pred='Italian'
[869/1400] id=4cfac23b2d114f91a2ecebc36feadcb5 em=1.0 f1=1.00 pred='Guyana'
[870/1400] id=9b0f54e4d4b24faca22ba89f1275b675 em=1.0 f1=1.00 pred='Elie Wiesel'
[871/1400] id=25c0e5f8a53f4bafae2db6feb35ae667 em=1.0 f1=1.00 pred='American Wedding'
[872/1400] id=3c2897b03e0844a19fd5b3d49e99e3a5 em=1.0 f1=1.00 pred='Jean'
[873/1400] id=007e0f579f49464d90e43b6e24cefbb4 em=1.0 f1=1.00 pred='Spanish-American War'
[874/1400] id=5135571c42dd41f49eb9b6df45fc00db em=0.0 f1=0.67 pred='Calvin Coolidge'
[875/1400] id=f1872aa085684205b01c8b044be9c405 em=1.0 f1=1.00 pred='walk the plank'
[876/1400] id=4e040c91a514411f869042bd1bb74701 em=1.0 f1=1.00 pred='Missionary'
[877/1400] id=47e0542a24954b67a5d540dc56c1a80d em=1.0 f1=1.00 pred='Rudyard Kipling'
[878/1400] id=592401ec18a74311b063864e6bc63c81 em=1.0 f1=1.00 pred='Frederick Forsyth'
[879/1400] id=08377c21beb04e8db4a3a2687dba7c33 em=0.0 f1=0.00 pred='American politician'
[880/1400] id=fa35104992c04600b07ec126b0d8f794 em=1.0 f1=1.00 pred='Hypertext'
[881/1400] id=5c26e2dde8e2465ab44fc9bbcc0aefb5 em=0.0 f1=0.00 pred='American actress'
[882/1400] id=4412a02b02114936b8bb7a0f366770e2 em=1.0 f1=1.00 pred='Bonaparte'
[883/1400] id=d11365f5d8ba4aee988258f9340a7009 em=0.0 f1=0.00 pred='Trajan'
[884/1400] id=e5a37e657d344835a95788179c1266eb em=1.0 f1=1.00 pred='Hives'
[885/1400] id=e72957b206954563842b8921bb239815 em=1.0 f1=1.00 pred='Frederic Chopin'
[886/1400] id=51d16b79273d4676bd38079610968af0 em=0.0 f1=0.67 pred='Mississippi River'
[887/1400] id=e4c43c28c96f40a893765744915965da em=0.0 f1=0.00 pred='True'
[888/1400] id=8b933c2dc3ae468b88d3a744bd052757 em=1.0 f1=1.00 pred='gold'
[889/1400] id=0574d25fac6244c3885304a2112a0c15 em=0.0 f1=0.80 pred='Toronto Blue Jays'
[890/1400] id=52842cb313f445e399029f5e78bc5cd1 em=1.0 f1=1.00 pred='Cincinnati Reds'
[891/1400] id=5ee940c2357946a6ba68ea0713517bca em=1.0 f1=1.00 pred='Ulysses'
[892/1400] id=0cdf302a5c1c4fe0ac9a499470765108 em=1.0 f1=1.00 pred='Columbia'
[893/1400] id=b0f37c93bb7b440fba1eb339b05c31a1 em=1.0 f1=1.00 pred='Morocco'
[894/1400] id=a5c6e8c4c78449cea0fd71f7d908d88a em=1.0 f1=1.00 pred='Graceland'
[895/1400] id=2372fcaa483d4384a68645f3fa9ca173 em=1.0 f1=1.00 pred='Easter'
[896/1400] id=7b6242e63e9042fbbe2e72a7414addb7 em=1.0 f1=1.00 pred='Nellie Melba'
[897/1400] id=bfb38a93888b4c0f8c6b83c8d127eb2a em=1.0 f1=1.00 pred='Spain'
[898/1400] id=7614ea4125f34dcba0d17cfe071d42d3 em=1.0 f1=1.00 pred='Paraguay'
[899/1400] id=4af582d60f3e463caa1c8b1669e931a4 em=1.0 f1=1.00 pred='Italy'
[900/1400] id=39a9394a0123427ea52b07c9ec6c3093 em=1.0 f1=1.00 pred='France'
[901/1400] id=b52a5d5925504e7a9b0eb7b9a2e808fa em=1.0 f1=1.00 pred='William S. Hart'
[902/1400] id=5ae3072b6bbd40cab41d2d0782aa9bef em=0.0 f1=0.00 pred='Emmy Award'
[903/1400] id=177ebf6c9a854c78a73eb21e23402fef em=1.0 f1=1.00 pred='Santo Domingo'
[904/1400] id=92d41fc8d92e4b82becee6215520d0f6 em=1.0 f1=1.00 pred='oboe'
[905/1400] id=77ceea3648764a8e8561ffe69f284d9c em=1.0 f1=1.00 pred='Darwin'
[906/1400] id=6241e981d4b74d3282534ad5972ff3f2 em=1.0 f1=1.00 pred='Benjamin Franklin'
[907/1400] id=95757ee9efaa497f90b0c6d79640865d em=1.0 f1=1.00 pred='Syria'
[908/1400] id=51c5b397478b4a7bb93232e7229a6a2d em=1.0 f1=1.00 pred='Venezuela'
[909/1400] id=858e95fc230148ba8bb554e35b25cbe5 em=0.0 f1=0.67 pred='Rudyard Kipling'
[910/1400] id=ea5e1d5687754fc19c7e5e5ec47b0ccb em=0.0 f1=0.40 pred="Reese's Peanut Butter Cups"
[911/1400] id=e006f1243e0e486e8bab439af1d1ffd0 em=1.0 f1=1.00 pred='7, 11'
[912/1400] id=b8d6403bc2cd48cda7413a3f5a4ba723 em=1.0 f1=1.00 pred='Edward Hopper'
[913/1400] id=e7066c6fbdb1495c8f57b0a40040f837 em=1.0 f1=1.00 pred='I Am Legend'
[914/1400] id=847e5a2123aa4430aad88f8869cd3005 em=1.0 f1=1.00 pred='police car'
[915/1400] id=4068384dadbf49afb3e663a099fbd619 em=0.0 f1=0.50 pred='Defense'
[916/1400] id=b54b3d6f34644ea2aaf37de39682368b em=0.0 f1=0.00 pred='The Sun Also Rises'
[917/1400] id=de08797cda7e4a928bebeb62b07788ec em=1.0 f1=1.00 pred='Zulu'
[918/1400] id=092f0450ae72424e80d1b7baca5d2eab em=1.0 f1=1.00 pred='engagement ring'
[919/1400] id=89ca79133c4643ddbb782bf195c27661 em=0.0 f1=0.50 pred='Myra Breckinridge'
[920/1400] id=4aad23ed67974f77ab643d52928b9f13 em=1.0 f1=1.00 pred='blind spot'
[921/1400] id=48e2633ad90147a1bdc751f7387034eb em=1.0 f1=1.00 pred='Moon'
[922/1400] id=d2aae288da2240479ac8fd64380e8181 em=1.0 f1=1.00 pred='The Grapes of Wrath'
[923/1400] id=c7b1b174463847aebbfd540d05759332 em=1.0 f1=1.00 pred='AARP'
[924/1400] id=d3135a3432a24c1b8d22ef8e1753800f em=1.0 f1=1.00 pred='3000'
[925/1400] id=47b66a02f30d4ca89ab37f7bfb96e426 em=1.0 f1=1.00 pred='George Moscone'
[926/1400] id=662149e9d00747989aabcdf269c496a3 em=1.0 f1=1.00 pred='dams'
[927/1400] id=1489805b557742a0972dd1add3b3f3a8 em=0.0 f1=0.50 pred='Otto von Bismarck'
[928/1400] id=36fda1c2c2504199bed202f61b06ecf9 em=0.0 f1=0.00 pred='Fictional character'
[929/1400] id=afaf746196804a32aaf822eb592528cc em=0.0 f1=0.67 pred='The Plaza Hotel'
[930/1400] id=bb525e3475144796acac6b4db0591ec4 em=0.0 f1=0.50 pred='Buffy'
[931/1400] id=938a1a20b96245e6a0c687bf010a20c3 em=1.0 f1=1.00 pred='Space Shuttle'
[932/1400] id=fc3c34a4613c447dbfed5a531b4a9a15 em=1.0 f1=1.00 pred='Paula Abdul'
[933/1400] id=a31a3da4cb2f47ab81fd576ce09e56df em=1.0 f1=1.00 pred='Medium'
[934/1400] id=b2991dbc96b84be3a3ea13a765cb0289 em=1.0 f1=1.00 pred='Florida'
[935/1400] id=df5c7bb060c442689a7a7fccc7079811 em=1.0 f1=1.00 pred='Mars'
[936/1400] id=df0a8252d982464597f62bd806caf39c em=1.0 f1=1.00 pred='Robert Fulton'
[937/1400] id=c548b9c001f4403b88be2af3d566ef35 em=1.0 f1=1.00 pred='pigeons'
[938/1400] id=a2137a7b8c7c426ba4b49bae0d61521e em=1.0 f1=1.00 pred='Australia'
[939/1400] id=4fc6ad573cba408e933068e8d51cc444 em=1.0 f1=1.00 pred="Hodgkin's disease"
[940/1400] id=44777e2c7f8c42b7a2252b71c64aa422 em=1.0 f1=1.00 pred='Joe DiMaggio'
[941/1400] id=f09586515a2044019052af9bf87096cf em=1.0 f1=1.00 pred='PepsiCo'
[942/1400] id=05bb48c9c9094f2f9374148f2756fd4f em=1.0 f1=1.00 pred='Ned Flanders'
[943/1400] id=e1a0e75cc5cf409a9fc1488b071b2eb6 em=1.0 f1=1.00 pred='Manganese'
[944/1400] id=61eda64250e44e7da58229538c783ccc em=1.0 f1=1.00 pred='Caveat'
[945/1400] id=c92ffc250da04dadbd4091e7caff083d em=0.0 f1=0.00 pred='Guests of the Ayatollah'
[946/1400] id=c9cf7304b2c84aebb6f9af8bfc2dac9d em=1.0 f1=1.00 pred='earshot'
[947/1400] id=1b8886a267e04b48ab393f0703af9532 em=1.0 f1=1.00 pred='Sri Lanka'
[948/1400] id=7b8f504bff1240bf983c7f28c50da9e4 em=1.0 f1=1.00 pred='standard time'
[949/1400] id=f4c1aaec12fa4c61b379f1a9272d1ff4 em=1.0 f1=1.00 pred='Gossip'
[950/1400] id=59d7d4ec3377454b9a5d8a63c4d67a29 em=1.0 f1=1.00 pred='American Revolution'
[951/1400] id=3a976786b4fd4a9a9da2119af1c28d36 em=0.0 f1=0.40 pred='Chocolate Crunch Cookie'
[952/1400] id=3e27e48cd7ed4f828b1506c626917c3f em=1.0 f1=1.00 pred='to displace'
[953/1400] id=c8b56dbe7602481199557313bf404b9f em=1.0 f1=1.00 pred='halogens'
[954/1400] id=04d1b7f7695c403497dec7423a68a36c em=1.0 f1=1.00 pred='Friday Night Lights'
[955/1400] id=1dccbb3c4bc04d87a2dea2eb10cb996f em=0.0 f1=0.67 pred='Attila the Hun'
[956/1400] id=6894daf9cdfe4d2081847134f34ea3fa em=1.0 f1=1.00 pred='drought'
[957/1400] id=aeb2c8943702445aac674889d64af7a0 em=1.0 f1=1.00 pred='Tennis'
[958/1400] id=6e1f69f84d5c442a89d09d578cd00ff7 em=1.0 f1=1.00 pred='Poker'
[959/1400] id=82959bc544334b70819123eb60817b19 em=1.0 f1=1.00 pred='A la King'
[960/1400] id=ffa2d3fd7c8641d5b88780ab0c980057 em=1.0 f1=1.00 pred='Knickerbocker'
[961/1400] id=f1123b7bd1e94b98b4a1022070fb8479 em=1.0 f1=1.00 pred='Canton'
[962/1400] id=7d6bd0d727e54335be7c1c69886fc82f em=1.0 f1=1.00 pred='Sargasso Sea'
[963/1400] id=67848315b1fe4feabe12fd05d9de288a em=1.0 f1=1.00 pred='King Lear'
[964/1400] id=47a7a24cbbeb4cc980fc15aaedb03bf3 em=0.0 f1=0.00 pred='6'
[965/1400] id=89678f2e2fcf40eb8bf563880994add2 em=1.0 f1=1.00 pred='Winesburg, Ohio'
[966/1400] id=5cc9d4417dcb47ff90663dcc8546bcf2 em=1.0 f1=1.00 pred='Eddie Haskell'
[967/1400] id=2bda147f9ebb430a8968ff5aae713585 em=1.0 f1=1.00 pred='Selma'
[968/1400] id=74e7110ca4f149b1b1359cc75acd69e7 em=0.0 f1=0.67 pred='Gregor Mendel'
[969/1400] id=b2890ea2eda540d1b74d36f4ef13ec76 em=1.0 f1=1.00 pred='Gibraltar'
[970/1400] id=4fa03c33d4d2467096cb5159d9b32d0e em=1.0 f1=1.00 pred='Gifts'
[971/1400] id=1a09c7ead5c7476cb80618a977ff8af3 em=1.0 f1=1.00 pred="M&M's"
[972/1400] id=21938e691b2a412ebb7a3548209ecbcb em=1.0 f1=1.00 pred='Secretary of Defense'
[973/1400] id=773848a7e56340a29b03a44794814582 em=1.0 f1=1.00 pred='Qatar'
[974/1400] id=197ee5401f554bcfbfce4dc751ec3343 em=0.0 f1=0.00 pred='Quarks'
[975/1400] id=2b49d26a7efb4a2c8159efbe3439e12b em=1.0 f1=1.00 pred='Daniel'
[976/1400] id=29320213cd1d46d38ff39332227412bf em=1.0 f1=1.00 pred='Thomas Paine'
[977/1400] id=1d24871af6db449099d45e17b6341dcd em=0.0 f1=0.00 pred='three'
[978/1400] id=39f0fe99cde247619b4057d0084ba9e1 em=0.0 f1=0.00 pred='Green Eggs and Ham'
[979/1400] id=f84af13b9f8f4f3d95607952fb694e5a em=1.0 f1=1.00 pred='Rembrandt'
[980/1400] id=a757b55a3f83439db423887bd8143f90 em=1.0 f1=1.00 pred='Martina Navratilova'
[981/1400] id=5a1069e2fa7342ee80f28ed79ef14db9 em=1.0 f1=1.00 pred='Oscar De La Hoya'
[982/1400] id=05c45056631d408ea58b9008026e33a2 em=1.0 f1=1.00 pred='Charles Guiteau'
[983/1400] id=bbb1f8afa57049488402d1d02e211878 em=1.0 f1=1.00 pred='berating'
[984/1400] id=d8496e597ea843a386431d8baa798edb em=0.0 f1=0.00 pred='Chinchillas'
[985/1400] id=fa215eac88e94be3ae508faecdf8e161 em=0.0 f1=0.00 pred='Tandoor'
[986/1400] id=a5473315502f4e198965fc83e7c263b0 em=1.0 f1=1.00 pred='Kiss Me, Kate'
[987/1400] id=bd49e52726674480873c9f6528094f03 em=1.0 f1=1.00 pred='Dick Cheney'
[988/1400] id=37439a48301c4dcfa3a3ac80902c2e0b em=1.0 f1=1.00 pred='Aesop'
[989/1400] id=8907263a3c0846469f4bba527c65c45c em=1.0 f1=1.00 pred='tail'
[990/1400] id=152527eaf57e4c11991713d44c1dfa7f em=1.0 f1=1.00 pred='Bombs'
[991/1400] id=86acb5b661bd4724a5d404e5b17e6a46 em=1.0 f1=1.00 pred='bazooka'
[992/1400] id=4aa8fc7557fa4930b5e2e78a896b1084 em=1.0 f1=1.00 pred='Family Guy'
[993/1400] id=276fe486a5ef4a809d2a36d07285a6f0 em=0.0 f1=0.00 pred='aide-de-camp'
[994/1400] id=e965f5490a7e48029a7c9dee649c6dcb em=0.0 f1=0.67 pred='Queen Margrethe'
[995/1400] id=d8fc70c4924e4422859a7058f11a5f5a em=1.0 f1=1.00 pred='Repent'
[996/1400] id=a75f12ade8544e1a89f2d48ccc815a0d em=1.0 f1=1.00 pred='George Patton'
[997/1400] id=abd5b61589364b07bbf7299c49e70e01 em=1.0 f1=1.00 pred="Who's Afraid of the Big Bad Wolf?"
[998/1400] id=884f995169b3419b888c6ad6e2f6bcd8 em=0.0 f1=0.80 pred='SS Edmund Fitzgerald'
[999/1400] id=113ad57d593f482e96e30af68b3aab9f em=1.0 f1=1.00 pred='Billings'
[1000/1400] id=6bff5f3522d84b2183e903e3157112c8 em=1.0 f1=1.00 pred='Novel'
[1001/1400] id=18a6e062325242e58fa8a5cb5f3d2a32 em=1.0 f1=1.00 pred='governess'
[1002/1400] id=d8833f3292614d978fbe84fe928fb138 em=1.0 f1=1.00 pred="The Hitchhiker's Guide to the Galaxy"
[1003/1400] id=1e7a668213c4433d8b7970a32e3c0af1 em=1.0 f1=1.00 pred='Iris'
[1004/1400] id=c385599879b24c4abc06e53f98863d46 em=1.0 f1=1.00 pred='Celine Dion'
[1005/1400] id=80e6e7b117394115b0de70672b547307 em=1.0 f1=1.00 pred='Pop'
[1006/1400] id=867f309535fc4b788320e6c2b23fd89e em=1.0 f1=1.00 pred='Van Morrison'
[1007/1400] id=7292cdeca2b949a6bef8c03a9901f5a4 em=0.0 f1=0.00 pred='frogs'
[1008/1400] id=d67c9156a9b04624910dea2f510f8047 em=1.0 f1=1.00 pred='Austria'
[1009/1400] id=46d2aa3ada6f4a5d8a499e4a5c07385e em=0.0 f1=0.67 pred='Amazon River'
[1010/1400] id=64a22f0e29224f86b10c0fa0928fa96c em=1.0 f1=1.00 pred='Cricket'
[1011/1400] id=238903697f2f4d3da4cf0e24a2761db0 em=0.0 f1=0.40 pred='The Cricket in Times Square'
[1012/1400] id=8e31e394ac6c45c4acfeda5424aceb64 em=1.0 f1=1.00 pred='Colombia'
[1013/1400] id=bd104461e8ca4017aaacd928f8ae5784 em=1.0 f1=1.00 pred='ginger'
[1014/1400] id=5e838c1d51044e77ac345c32b2a8cfee em=0.0 f1=0.67 pred='Hanging Gardens'
[1015/1400] id=1a4e5bce9bc940918d6635479d944d6d em=1.0 f1=1.00 pred='Michael Dell'
[1016/1400] id=c128b8c91c024ab0a592dcda590a11f9 em=1.0 f1=1.00 pred='Ivan Lendl'
[1017/1400] id=eb0fb0cca9684810ac6840dd9b8ebb91 em=1.0 f1=1.00 pred='Aleutian Islands'
[1018/1400] id=419b76eb0c8c45568814af128c318830 em=1.0 f1=1.00 pred='heel'
[1019/1400] id=33117d6f9f5e412788148baef55f4b2c em=1.0 f1=1.00 pred='beans'
[1020/1400] id=3d4b3af120844bce9ee06e3fb56f2936 em=1.0 f1=1.00 pred='Sons of Liberty'
[1021/1400] id=a064125fa3674c049e473e4d7c2afcd1 em=1.0 f1=1.00 pred='East of Eden'
[1022/1400] id=3d01568b168a4f0bb899e8b1c2239944 em=0.0 f1=0.00 pred='Pony'
[1023/1400] id=efcc54e12eff4d83866b4f58c4b3df01 em=1.0 f1=1.00 pred="Fisherman's Wharf"
[1024/1400] id=ab94aa55c6314e9b8af69bdfac48dadf em=1.0 f1=1.00 pred='Obscenity'
[1025/1400] id=e7071a0a197c471d8026449e74a9233e em=1.0 f1=1.00 pred='Beowulf'
[1026/1400] id=c5b64798f0314be897a348c3196681ac em=1.0 f1=1.00 pred='David'
[1027/1400] id=aa87cb64b6f54159927506f28ec62f4e em=0.0 f1=0.67 pred='Pablo Picasso'
[1028/1400] id=886f2801a4fc43b9adb3ab9f551555d4 em=0.0 f1=0.00 pred='Sauces'
[1029/1400] id=af3c4b517336436681e03e57ce731b31 em=1.0 f1=1.00 pred='Rosa Parks'
[1030/1400] id=4abb0e9595604633a05a61c344d88b2d em=1.0 f1=1.00 pred='Red Lion'
[1031/1400] id=5c562c75aa9f465587b466f96f47c930 em=1.0 f1=1.00 pred='Beer'
[1032/1400] id=d1c87cfadcda4e4a9c21fd93fd267ad8 em=1.0 f1=1.00 pred='Invisible Man'
[1033/1400] id=972feb1557d445e098a9a0bc4c8080db em=1.0 f1=1.00 pred='windmills'
[1034/1400] id=67488f8f226d4d278ed359cea5b80cf9 em=1.0 f1=1.00 pred='Pharmacist'
[1035/1400] id=f2bce9e28cdd43e6a888bafd35d47f1a em=0.0 f1=0.67 pred='Benjamin Disraeli'
[1036/1400] id=9e1a028c042a43a4aad803789594d801 em=1.0 f1=1.00 pred='Dredge'
[1037/1400] id=9615057cf59f4fa3a92da965e12c7a40 em=1.0 f1=1.00 pred='Hill Street Blues'
[1038/1400] id=10b15b8fe4324bd48b481506d0925863 em=1.0 f1=1.00 pred='Timon'
[1039/1400] id=61eddea900ce4ba4bf01cc9eb5b68736 em=1.0 f1=1.00 pred='Spanglish'
[1040/1400] id=12b51ad292af470ebd99f1d043357ebc em=0.0 f1=0.67 pred='Department of Health and Human Services'
[1041/1400] id=7aced3eb67c74eba971a2530ce81074c em=1.0 f1=1.00 pred='Electoral College'
[1042/1400] id=40a28f0fbc384b16a4ccccecfa95d96a em=1.0 f1=1.00 pred='Polonaise'
[1043/1400] id=8b090fa84d1744e9952401d6cacb09f6 em=1.0 f1=1.00 pred='Argentina'
[1044/1400] id=35ee959204c1457da47d572c5ffd92a6 em=0.0 f1=0.67 pred='South Korea'
[1045/1400] id=b643995b3c124c28b370cc483af30897 em=1.0 f1=1.00 pred='Yeardley Smith'
[1046/1400] id=759f644fc9e34509b7b3c7e588a157cd em=1.0 f1=1.00 pred='The Sixth Sense'
[1047/1400] id=fd1a54d5872246719e28ba3fab3f5e8d em=1.0 f1=1.00 pred='Poseidon'
[1048/1400] id=4e876d2abc10451483f9275829e780a0 em=1.0 f1=1.00 pred='Ron Howard'
[1049/1400] id=140eb9010112494aad095739adb735d6 em=1.0 f1=1.00 pred='Brooklyn Bridge'
[1050/1400] id=a1fff358ccfa4bf2b53a911e082e4cd3 em=1.0 f1=1.00 pred='You had me at hello'
[1051/1400] id=b1fe478a71c943459dcf55119d6f3f4f em=1.0 f1=1.00 pred='Jennifer Lopez'
[1052/1400] id=8b68dfd9a467473897fa9d1434418267 em=0.0 f1=0.00 pred='FIGHT SONGS'
[1053/1400] id=e72677bbc791425387075a3a7188230f em=1.0 f1=1.00 pred='Montana'
[1054/1400] id=b9aef446e8ca412bbcb69b8f94249dea em=1.0 f1=1.00 pred='Kentucky'
[1055/1400] id=b5ed7cbabbbb41949a7965e7a98ccb49 em=1.0 f1=1.00 pred='cereal'
[1056/1400] id=a6652c364b6e4e8db83b3e26b2dd1c1f em=0.0 f1=0.00 pred='19 AD'
[1057/1400] id=80f499f83e834cc99e31318d31aeaf47 em=1.0 f1=1.00 pred='Phil Mickelson'
[1058/1400] id=d8eba1df0e5b45159283a1f457542c0f em=1.0 f1=1.00 pred='Napoleon'
[1059/1400] id=a09c6188fae74726aed2bbf66ca193ce em=1.0 f1=1.00 pred='Carson City'
[1060/1400] id=ae072e1d30fa4694b14ff98e301fd768 em=1.0 f1=1.00 pred='repertoire'
[1061/1400] id=8a67adbeab504bceadbcf5848e613469 em=1.0 f1=1.00 pred='Rudyard Kipling'
[1062/1400] id=78211f5b18e9465796b288ddda7768da em=1.0 f1=1.00 pred='Chris Moneymaker'
[1063/1400] id=84fa5a0c7f7f42fc846f79589a14112f em=1.0 f1=1.00 pred='Sarah McLachlan'
[1064/1400] id=e5b3512a238c4b12a749ab93a8845fbb em=1.0 f1=1.00 pred='Hatch'
[1065/1400] id=3725ccc6e524405f81722ceffead540a em=1.0 f1=1.00 pred='John Wilkes Booth'
[1066/1400] id=a58acf29767e4b939a81581b60f3e215 em=1.0 f1=1.00 pred='All Quiet on the Western Front'
[1067/1400] id=6eea972e7c134cadb65132643a906ba1 em=1.0 f1=1.00 pred='Vistula'
[1068/1400] id=74aa3ba7ab104fe8bbcc426c64520d0f em=1.0 f1=1.00 pred='Barbarian'
[1069/1400] id=337965b613194614a282322ac5ad6cec em=1.0 f1=1.00 pred='Jenna Bush'
[1070/1400] id=eef234c3f1844fae80ba0c6820ef33a9 em=1.0 f1=1.00 pred='The Deer Hunter'
[1071/1400] id=a0f4f67f76034e49a4153768c89364da em=1.0 f1=1.00 pred='Fiorello LaGuardia'
[1072/1400] id=9ec6f9f9af044b988a7d21f9d2b88a20 em=1.0 f1=1.00 pred='United Nations'
[1073/1400] id=2f702f4dd2574c02addd404d82953d15 em=1.0 f1=1.00 pred='Bob Hope'
[1074/1400] id=ea8d2f98ab2b41329f96ffd259484819 em=1.0 f1=1.00 pred='Nanook'
[1075/1400] id=068575aee7224d4ab849f9d138731fdc em=1.0 f1=1.00 pred='heresy'
[1076/1400] id=1e08a80bcb084a368495349bfa155a1f em=1.0 f1=1.00 pred='Bully Pulpit'
[1077/1400] id=cd52f29813ed467fa6b62b10895844d8 em=1.0 f1=1.00 pred='Martina Navratilova'
[1078/1400] id=f9d719fa59344d7c9b23952b5fb79989 em=1.0 f1=1.00 pred='Joe Hill'
[1079/1400] id=84024891efbf49308fd2fe87c30e396a em=1.0 f1=1.00 pred='Collie'
[1080/1400] id=499b5f088dc14ce0a44b5f4cf7118616 em=0.0 f1=0.67 pred='Albert Einstein'
[1081/1400] id=dca3a642962b4b119f7aa555978dd41e em=1.0 f1=1.00 pred='Warsaw'
[1082/1400] id=c159edd48871458095d1bf54d7a50a5f em=0.0 f1=0.00 pred='Frank McCourt'
[1083/1400] id=44cd5c74a4544123a44553bd5faaa219 em=1.0 f1=1.00 pred='Brazil'
[1084/1400] id=2352016546794050829f1b07f25f9090 em=1.0 f1=1.00 pred='Home Improvement'
[1085/1400] id=550812d86ec842d18632765827acb71c em=1.0 f1=1.00 pred='woodpecker'
[1086/1400] id=a0dea12493ec4f3fad8587be85e5d0e0 em=0.0 f1=0.00 pred='Changeling'
[1087/1400] id=1666f5c898ee4e7f83c8916ac0a1a369 em=1.0 f1=1.00 pred='Hercules'
[1088/1400] id=d3205343ca1d4166b6cd70984408127f em=0.0 f1=0.80 pred='Sacco and Vanzetti'
[1089/1400] id=791836977d0143509c7b8b00ccfae43d em=1.0 f1=1.00 pred='George Eliot'
[1090/1400] id=330fb4fb30c4475f85872be34c1d2117 em=1.0 f1=1.00 pred='Aunt Polly'
[1091/1400] id=33c5b638c7c0474798042991babdb389 em=1.0 f1=1.00 pred='Jack Dempsey'
[1092/1400] id=021a105fde2040e6878900394ac1fe98 em=1.0 f1=1.00 pred='Salvatore Ferragamo'
[1093/1400] id=3486bf0bc72d438b9627e2ec2b6ce4bb em=0.0 f1=0.67 pred='Heathrow Airport'
[1094/1400] id=e5edc854c80343fe8fd747bb7bf31459 em=0.0 f1=0.67 pred='Promissory note'
[1095/1400] id=dcf0c2c053ad499faac8a13f71296557 em=1.0 f1=1.00 pred='The Lottery'
[1096/1400] id=265083cfc2bc481e8d8ed466bdb62543 em=1.0 f1=1.00 pred='Flickr'
[1097/1400] id=2d9a9efee3994717a1db7cf02e0f206d em=1.0 f1=1.00 pred='submarine'
[1098/1400] id=58b3523293b74ff7ad6037676aac940d em=1.0 f1=1.00 pred='Little Debbie'
[1099/1400] id=53846a14ec1e49918818c1bcdcddd918 em=1.0 f1=1.00 pred='The Twilight Zone'
[1100/1400] id=4641f3042c1746abb5c9ac68570e7d59 em=1.0 f1=1.00 pred='canoe'
[1101/1400] id=d43c698a4a4444c8a51ca58fea216d22 em=1.0 f1=1.00 pred='Val Kilmer'
[1102/1400] id=acbe0bdbebb0454c9b5a96a537e7b414 em=1.0 f1=1.00 pred='tortillas'
[1103/1400] id=19803226726c4e5592cc9584cc09c1ca em=0.0 f1=0.00 pred='Nguyen Minh Triet'
[1104/1400] id=e16de15cd4ce49ae9730d2d50de9f032 em=1.0 f1=1.00 pred="Burt's Bees"
[1105/1400] id=98e59cbf1c7047ecbf36b4b7382d3948 em=1.0 f1=1.00 pred='debts'
[1106/1400] id=87d2dfd838c94dd5b8462fa868edda8f em=1.0 f1=1.00 pred='Heaven Can Wait'
[1107/1400] id=de3cc412c77c49d2b1c90c72b3e2c4f1 em=1.0 f1=1.00 pred='Deposit'
[1108/1400] id=e01ccc8683af45998149ed184e896067 em=1.0 f1=1.00 pred='Christina Applegate'
[1109/1400] id=327c1b33798e4afda8686955e302afaa em=1.0 f1=1.00 pred='love'
[1110/1400] id=b43617fa1fc145e6809f24a7a652772c em=1.0 f1=1.00 pred='Fiddler on the Roof'
[1111/1400] id=73726187be7f46a0ab4e6a0a8e9ce810 em=1.0 f1=1.00 pred='Plumeria'
[1112/1400] id=0b43263922b84f66ab78b0df30dc751e em=1.0 f1=1.00 pred='Saturn'
[1113/1400] id=5291a269c9de4712b4900236eb4fe5d4 em=1.0 f1=1.00 pred='Fox'
[1114/1400] id=1d6d2c9e18184226911b9d16a97f3530 em=1.0 f1=1.00 pred='Sir Edmund Hillary'
[1115/1400] id=d79569103b7740f0a5684e2ec335e6b5 em=1.0 f1=1.00 pred='Renaissance'
[1116/1400] id=fbd263a6701c48a8ba24cadff0542457 em=0.0 f1=0.50 pred='Daniel Gabriel Fahrenheit'
[1117/1400] id=5be6164a777b48f4bd10f228f27fd1fb em=1.0 f1=1.00 pred='The Owl and the Pussycat'
[1118/1400] id=4c66521b076449809cc45c46c834cebf em=1.0 f1=1.00 pred='cricket'
[1119/1400] id=3f4bc6026bc340d7bf286106d2381976 em=1.0 f1=1.00 pred='Benjamin'
[1120/1400] id=4b6ab1f198474d779f28bddbb79937a2 em=1.0 f1=1.00 pred='Ford'
[1121/1400] id=bf17e4448a5a428593a1711cbc0c1feb em=1.0 f1=1.00 pred='Seven Samurai'
[1122/1400] id=ea747bee47074bf980f47568a81425b1 em=1.0 f1=1.00 pred='gold'
[1123/1400] id=a4b854f73b0644d1b72679fd808db834 em=0.0 f1=0.80 pred='Gerry and the Pacemakers'
[1124/1400] id=fbabb7185c374402801f5257f49b5309 em=0.0 f1=0.00 pred='American Automobile Association'
[1125/1400] id=7a8912ce2dd54b09b9bb42f96dc073b4 em=1.0 f1=1.00 pred='Tequila Sunrise'
[1126/1400] id=4b90f476ede9474aa7eb7e904961c163 em=1.0 f1=1.00 pred='nightingale'
[1127/1400] id=e2fa62b96fda4696b30620f521123361 em=1.0 f1=1.00 pred='Benito Mussolini'
[1128/1400] id=bc098dd8220e474bb29845ce026fb599 em=1.0 f1=1.00 pred='Gateway'
[1129/1400] id=24d7105838f64c03a776555096791036 em=0.0 f1=0.67 pred='Rudyard Kipling'
[1130/1400] id=23a78c52899941588ac23167674cce6a em=1.0 f1=1.00 pred='Netherlands'
[1131/1400] id=5e8058a7b16d43f485517f81ee3b4a3a em=1.0 f1=1.00 pred='Louis Rukeyser'
[1132/1400] id=4c2c3e9c647a45dda53707d3dc4513a5 em=0.0 f1=0.00 pred='Breckenridge'
[1133/1400] id=e13ba717f9e54416bb61bfb665510cdd em=1.0 f1=1.00 pred='Stonehenge'
[1134/1400] id=d89950b1a4264e0fb3790eea755d2f71 em=1.0 f1=1.00 pred='garlic'
[1135/1400] id=ec6eb845b2034cc98fc4c430be032e7f em=1.0 f1=1.00 pred='Dustin Hoffman'
[1136/1400] id=12ec5c93c19146fdbbeea0c8bbf650cd em=1.0 f1=1.00 pred='Gene Hackman'
[1137/1400] id=7b6534dc66d6458ebaac8ef00c98c7f5 em=1.0 f1=1.00 pred='Judi Dench'
[1138/1400] id=90f714b5b60c45cdaaa5a32865335619 em=1.0 f1=1.00 pred='Stamp Act'
[1139/1400] id=7f2457574fc74af697837b4a285a2d31 em=1.0 f1=1.00 pred='Pearl'
[1140/1400] id=8bc9e0ba6f914607960f73cd61bdd607 em=0.0 f1=0.00 pred='August von Wassermann'
[1141/1400] id=1137531e97ba4657aa07c7a33e864378 em=1.0 f1=1.00 pred='Stephen Crane'
[1142/1400] id=f1de564a1f2f4a6ca813f99b5b4e8bee em=1.0 f1=1.00 pred='cello'
[1143/1400] id=e8d79a2a8fe74e84bf6f81043f5e5641 em=1.0 f1=1.00 pred='Norway'
[1144/1400] id=a51fee9868e746cfb2897294ccbf495b em=1.0 f1=1.00 pred='Jimmy Swaggart'
[1145/1400] id=1d78dedb35da483aa19ae93ef984728c em=0.0 f1=0.67 pred='right brain'
[1146/1400] id=959bab0d571f4f429d1c1923cb3855d7 em=1.0 f1=1.00 pred='Douglas MacArthur'
[1147/1400] id=f26047f9818a46b3a4e70a13f0ee2afe em=1.0 f1=1.00 pred='Dolley Madison'
[1148/1400] id=208fecbd8c5449c1bd1b0177453cf9b7 em=1.0 f1=1.00 pred='Max Planck'
[1149/1400] id=d6bb04944a314e1eb2249f019cfac2f6 em=1.0 f1=1.00 pred='Gentlemen Prefer Blondes'
[1150/1400] id=3d16c7b6ee554932b816c4da93f147f1 em=0.0 f1=0.00 pred='chicory'
[1151/1400] id=d702c769002043d08be0f9187d32ac74 em=1.0 f1=1.00 pred='Tasmania'
[1152/1400] id=dba14eb45c5b4a02814ad91361e35a36 em=1.0 f1=1.00 pred='Do'
[1153/1400] id=59ec0cf2e15944659c77b96d911ceab0 em=1.0 f1=1.00 pred='Syntax'
[1154/1400] id=8cec7fcf760149dfb56506296bb3dbbb em=0.0 f1=0.00 pred='Pudge'
[1155/1400] id=1ab28a192f6e4b14a0071a741c9787e1 em=1.0 f1=1.00 pred='David'
[1156/1400] id=1db6e2ef1adf4e80bde4fb0a65b4a94c em=1.0 f1=1.00 pred='Rose hips'
[1157/1400] id=c05d9ada766347b4972e10b6534785f1 em=1.0 f1=1.00 pred='Hallmark'
[1158/1400] id=06c9760491af4b67ab944157736a1d37 em=1.0 f1=1.00 pred='e'
[1159/1400] id=4e1a0a534af94137bb8bcf832c41339f em=1.0 f1=1.00 pred='Northern Exposure'
[1160/1400] id=6fc666ad7c134435b8cf8fcf23f8125d em=1.0 f1=1.00 pred='Babe Ruth'
[1161/1400] id=6f5857f474d0451ea88b8d42218c5dc6 em=1.0 f1=1.00 pred='Erin Go Bragh'
[1162/1400] id=a487a81f868c4dae9fabcf38497396d1 em=1.0 f1=1.00 pred='Lincoln Tunnel'
[1163/1400] id=9d66eb57ab8a460381f2299472833c31 em=1.0 f1=1.00 pred='oats'
[1164/1400] id=7902980ac783461d8f4d50274667d644 em=1.0 f1=1.00 pred='monogamist'
[1165/1400] id=ba5604cc15714549b1887dda4c79ee1e em=1.0 f1=1.00 pred='Boz'
[1166/1400] id=1c6179d329394b268eea8f552523b321 em=1.0 f1=1.00 pred='Ismene'
[1167/1400] id=249f4c256b544aeabfb919547d7f5969 em=1.0 f1=1.00 pred='prehensile'
[1168/1400] id=aa26349086304052b78f80d0bbbffd62 em=1.0 f1=1.00 pred='poll tax'
[1169/1400] id=3bc29910565f4107b297185e7313c776 em=1.0 f1=1.00 pred='Louisiana'
[1170/1400] id=87e2674ce8d84e098f2f768e294d74e3 em=0.0 f1=0.40 pred='Grand Duchy of Luxembourg'
[1171/1400] id=4180c44eaf304a9a956122b8e8523ac6 em=1.0 f1=1.00 pred='Herbert Hoover'
[1172/1400] id=4e5f40aa1f284f6685174a757e1931ad em=0.0 f1=0.80 pred='Jacob and Esau'
[1173/1400] id=35ed2ae3d74d461996decc596476332d em=1.0 f1=1.00 pred='The burning bush'
[1174/1400] id=ce8c2511f6a2487995e557418f159efb em=0.0 f1=0.00 pred='Marsupial'
[1175/1400] id=460bc426e17b4230a01b3c46c9de3b1c em=1.0 f1=1.00 pred='Bangkok'
[1176/1400] id=8ead639f93fc46acb2b2761fc7689641 em=1.0 f1=1.00 pred='Catherine of Aragon'
[1177/1400] id=550a165ae0c647848de379bee1e01e93 em=1.0 f1=1.00 pred='Resuscitation'
[1178/1400] id=5b4ee5101c9847c68cacae79a5ddaf0a em=1.0 f1=1.00 pred='Connecticut'
[1179/1400] id=bd838a345ffe4ec9bf4cf009757b432d em=1.0 f1=1.00 pred='Florida'
[1180/1400] id=135b71ec2d6f4f718913298108dcd76b em=1.0 f1=1.00 pred='City Slickers'
[1181/1400] id=ba71cadcf9904c98827906d1c71b9c2d em=1.0 f1=1.00 pred='Urban Outfitters'
[1182/1400] id=43a169819bd049dab9e207b0422b733f em=1.0 f1=1.00 pred='Moonlighting'
[1183/1400] id=682e265ba77543ec884da14042e3ac90 em=1.0 f1=1.00 pred='Lauren Bacall'
[1184/1400] id=9a291c44fa1a4d78af5ffdeca1928abd em=1.0 f1=1.00 pred='March'
[1185/1400] id=258ba1332823434980ec88d9ae9e6296 em=1.0 f1=1.00 pred='Harold Macmillan'
[1186/1400] id=1d4b08ca62204b51b18519d5f7ef66f6 em=1.0 f1=1.00 pred='Goodyear'
[1187/1400] id=273e54aff0a149e08852c43ca2c5ea89 em=0.0 f1=0.00 pred='Honey'
[1188/1400] id=235ada881f2348ed80b6790a9cdf6415 em=1.0 f1=1.00 pred='University of Kansas'
[1189/1400] id=75b567bfce2d483788f98ecb7472f47c em=0.0 f1=0.67 pred='Abraham Lincoln'
[1190/1400] id=f6ceae406d594d36865f739600922848 em=1.0 f1=1.00 pred='St. Francis of Assisi'
[1191/1400] id=5eaf2421079b4899a10cbee96d2cee23 em=1.0 f1=1.00 pred='Patrick Dempsey'
[1192/1400] id=1d2807eaaa88446189a53b419b218704 em=1.0 f1=1.00 pred='Russia'
[1193/1400] id=a75a2c793da5402a830e01de7f154cc0 em=1.0 f1=1.00 pred='Billy Idol'
[1194/1400] id=39442a5c0c614514b0221df11489fef3 em=1.0 f1=1.00 pred='carbon dioxide'
[1195/1400] id=23a9f0f9823f4c6ba66163b1652a6b05 em=1.0 f1=1.00 pred='Rhapsody'
[1196/1400] id=d9ea918c55124d12aaa071e29e6c1e28 em=1.0 f1=1.00 pred='Croque Madame'
[1197/1400] id=7ba7634b50af453eb2d560bf6c4bb791 em=1.0 f1=1.00 pred='South Africa'
[1198/1400] id=9f7ab33db32d405c808a2a9479086e06 em=1.0 f1=1.00 pred='jack'
[1199/1400] id=0def91a119864db7b82f8988d40fa07a em=1.0 f1=1.00 pred='jimmy'
[1200/1400] id=83e227fab836438b9c23a5eabee3f985 em=1.0 f1=1.00 pred='Samuel Morse'
[1201/1400] id=b1c0c65c74c24c259b951d6a0d48d561 em=1.0 f1=1.00 pred='Roberto Clemente'
[1202/1400] id=626b5316c9e14300b27596c27e1a5c7b em=1.0 f1=1.00 pred='Quiver'
[1203/1400] id=5299ec94dfd7479b83743a56d5f563da em=1.0 f1=1.00 pred='Picabo Street'
[1204/1400] id=d94eac11cc30427fac64da9184a9fa41 em=1.0 f1=1.00 pred='Sacha Baron Cohen'
[1205/1400] id=a6ad95f3074e479facf2421462d3f240 em=1.0 f1=1.00 pred='Maryland'
[1206/1400] id=d80763e7226c4f61b747fc7525be2b9e em=1.0 f1=1.00 pred='Austria'
[1207/1400] id=8e8417cee60d41d8bcaab2602c2f6808 em=1.0 f1=1.00 pred='Michael Jordan'
[1208/1400] id=dff359c841e6483e8c5ab98bce20fc29 em=0.0 f1=0.00 pred='Free fall'
[1209/1400] id=0c689092f8f44ff995d71ba883c6791e em=1.0 f1=1.00 pred='Sundance Kid'
[1210/1400] id=4674a33a917041a3abfa3251b52665b7 em=1.0 f1=1.00 pred='Ark of the Covenant'
[1211/1400] id=889a04db874a42f199b597a5f4708bcd em=1.0 f1=1.00 pred='Death'
[1212/1400] id=8a5053cc7aca4cd1a5ffda77ddb5ce9a em=1.0 f1=1.00 pred='Wayne Gretzky'
[1213/1400] id=e2d39b4356ea455fb10eed85deda8040 em=0.0 f1=0.67 pred='Marlon Brando'
[1214/1400] id=5348edf0674f4896956056dd6ce97675 em=1.0 f1=1.00 pred='lullaby'
[1215/1400] id=6dc7354a878e434f999c5f540d943bbb em=1.0 f1=1.00 pred='a war'
[1216/1400] id=eec2fd38adce4af1a7c28c7ed67a1e1a em=1.0 f1=1.00 pred='Michigan'
[1217/1400] id=582bb618fff14b64bff4fe76b41792ad em=1.0 f1=1.00 pred='Croatia'
[1218/1400] id=d3b1dec56b024c339380693b31ae4930 em=0.0 f1=0.67 pred='Administrative Professionals Day'
[1219/1400] id=15c144e4d19d4ccaacecdf41d55cc6cc em=1.0 f1=1.00 pred='Vladivostok'
[1220/1400] id=2f6470a0709b4fd3a29d7a0a2fd89df2 em=1.0 f1=1.00 pred='Red Grange'
[1221/1400] id=2989bc1f17274269ab803d3035267289 em=1.0 f1=1.00 pred='Porcelain'
[1222/1400] id=cc847264086e4567aacc1f8062666dde em=1.0 f1=1.00 pred='Istanbul'
[1223/1400] id=8361a9df6ddf4364a8299dc8026e7747 em=1.0 f1=1.00 pred='Punch & Judy'
[1224/1400] id=a94000ad11e442f898abfb5d3bd5e1fe em=0.0 f1=0.00 pred='Thomas R. Marshall'
[1225/1400] id=c6b75f3d0e3247aca276bac0180e28ad em=1.0 f1=1.00 pred='Peter the Great'
[1226/1400] id=d64533a9d99740d3a80b43bf66e34ac2 em=1.0 f1=1.00 pred='Los Angeles Times'
[1227/1400] id=574cafa1c08f45888c669417d5605c91 em=1.0 f1=1.00 pred='Guy Fawkes'
[1228/1400] id=9baa6e227fc843eaa3aae5983ef9424a em=1.0 f1=1.00 pred='wheelbarrow'
[1229/1400] id=0d267ecf2d3e4b4499a98671ae7e31ff em=0.0 f1=0.00 pred='The Good Life'
[1230/1400] id=65b73d8b6bb447a5aa7a83be192a3caa em=1.0 f1=1.00 pred='Cesare Borgia'
[1231/1400] id=473fd0c2989541d7818aa50866c02941 em=1.0 f1=1.00 pred='swelling'
[1232/1400] id=676039c9bae441ceb21198523bf6e920 em=1.0 f1=1.00 pred='Win, Lose or Draw'
[1233/1400] id=736d549bc5a343c1a16e4b0a95895c72 em=1.0 f1=1.00 pred='The Lorax'
[1234/1400] id=1cde9fe2c8f9435aa48e34c4470bba4a em=1.0 f1=1.00 pred='Sarah Bernhardt'
[1235/1400] id=6d5a1caf360b4cc4af48f703ac98bea6 em=0.0 f1=0.00 pred='Irina Spalko'
[1236/1400] id=29b16038d8d842b8911d0c6cda23ee03 em=1.0 f1=1.00 pred='Hanson'
[1237/1400] id=10f7141925ef42e2bad2689c5e9c0eda em=1.0 f1=1.00 pred='Pituitary gland'
[1238/1400] id=07073c3e2de94a46a90014f980f6eb36 em=1.0 f1=1.00 pred='Dick Durbin'
[1239/1400] id=d1888a2614b147eeb2957960ac521fe1 em=1.0 f1=1.00 pred='Tennessee'
[1240/1400] id=f76941e170a44d948c25ceb88c18557b em=1.0 f1=1.00 pred='May'
[1241/1400] id=a054243caf0a49b59814afdb8d715755 em=0.0 f1=0.67 pred='Paul Gauguin'
[1242/1400] id=5d88f1541dc44bfbb209a1b38da8f0c5 em=1.0 f1=1.00 pred='Creation'
[1243/1400] id=e306bcb045c3479280aae5c54c7fc0a1 em=1.0 f1=1.00 pred='Henry VIII'
[1244/1400] id=73f0dd252a6c4ea994872f064611aa27 em=0.0 f1=0.50 pred='Council of Better Business Bureaus'
[1245/1400] id=98c0e02584b04c36927b5cb2a4dd1677 em=1.0 f1=1.00 pred='Benazir Bhutto'
[1246/1400] id=f0ce0795002b414387a0a2fdd3e8719a em=1.0 f1=1.00 pred='-phile'
[1247/1400] id=5b6144764a754301808a9375717cad70 em=1.0 f1=1.00 pred='high jump'
[1248/1400] id=22f37f01b06d4413af29385abf55c2d3 em=0.0 f1=0.50 pred='30 years old'
[1249/1400] id=60b000db8da6444098b74c01cc1eb0e2 em=1.0 f1=1.00 pred='Riding in Cars with Boys'
[1250/1400] id=1a5f20f916df46fdb63bc3469336056e em=1.0 f1=1.00 pred='Hotel California'
[1251/1400] id=b5449c84277b434398372a0c84965db3 em=1.0 f1=1.00 pred='Aleph'
[1252/1400] id=cade297c16cc4381b27843c523b0c43c em=1.0 f1=1.00 pred='Memphis Belle'
[1253/1400] id=8ed57f5c2ea64cf9b3d62d346ca092e4 em=1.0 f1=1.00 pred='Aaron Copland'
[1254/1400] id=b4438c6b6b514aa4a1981bef9d30b21f em=1.0 f1=1.00 pred='Jersey Joe'
[1255/1400] id=7ee3c5d3e0774f0b9a983092d4409d7f em=1.0 f1=1.00 pred='canticle'
[1256/1400] id=5a42df77817c483ab33e7e25cd1ed18e em=1.0 f1=1.00 pred='seal'
[1257/1400] id=c2f98462f1334e018aedf02dee8e4313 em=1.0 f1=1.00 pred='Oh, God!'
[1258/1400] id=9ad3ddc83fcd44078bdecf5310945776 em=1.0 f1=1.00 pred='Glitter'
[1259/1400] id=e7f1885a07d94efbbebe04829106830c em=1.0 f1=1.00 pred='Dalmatian'
[1260/1400] id=bb3d2564665c46e2a30f97a7d5eae18f em=1.0 f1=1.00 pred='Amun'
[1261/1400] id=00b991d41226417bb77c2825488baac5 em=1.0 f1=1.00 pred='Sierra Leone'
[1262/1400] id=e10044cc3cae45608f6bdaf58005a26f em=1.0 f1=1.00 pred='Agra'
[1263/1400] id=981894e1f0174f148bfc896cc6c37c38 em=1.0 f1=1.00 pred='Cape Town'
[1264/1400] id=7cb802714cea406aa9c35601bb1b2c23 em=1.0 f1=1.00 pred='Conversation'
[1265/1400] id=9f05e19748384eacbb1a707586954726 em=1.0 f1=1.00 pred='South America'
[1266/1400] id=96a445e4c32e496baea79636db8eccb9 em=1.0 f1=1.00 pred='Buckingham Palace'
[1267/1400] id=ddb9ebc2b0824145a5a1561d3e303ac0 em=0.0 f1=0.67 pred='Augusta'
[1268/1400] id=ced61a206d8343fb937e03fd2e76a5ba em=1.0 f1=1.00 pred='mercury'
[1269/1400] id=f6ca20337fba45df808efe56587cd5d5 em=0.0 f1=0.67 pred='Scripps National Spelling Bee'
[1270/1400] id=647e28cc0a244bed847c249d6e8da4f4 em=1.0 f1=1.00 pred="Barber's pole"
[1271/1400] id=7a21823438ee4da494e7e27783ef2d42 em=1.0 f1=1.00 pred='Pole vault'
[1272/1400] id=287dfdc1112d49139b699e77a743cdbf em=1.0 f1=1.00 pred='IKEA'
[1273/1400] id=8fc577b2c9a24ab1bce297bad2408a47 em=0.0 f1=0.80 pred='Johns Hopkins University'
[1274/1400] id=faa49d92b4c0411590608ab3ff7dbd72 em=1.0 f1=1.00 pred='Cleveland'
[1275/1400] id=48ae0009527a4ba0842cf64a51233faf em=1.0 f1=1.00 pred='Gestation'
[1276/1400] id=03a705842c15434283a4f09f89b8b553 em=1.0 f1=1.00 pred='Mexico'
[1277/1400] id=f75e4eca3b14449d915798485cc51c27 em=1.0 f1=1.00 pred='Pens'
[1278/1400] id=9a87943f79f1420f80727b05bb2372de em=1.0 f1=1.00 pred='Lebanon'
[1279/1400] id=5d0101c39a8f4b0390277b73d6ca4005 em=0.0 f1=0.00 pred='Franklin D. Roosevelt'
[1280/1400] id=8d987ccf45474bd89253c283b0a2afbf em=0.0 f1=0.67 pred='Judas Iscariot'
[1281/1400] id=87885977c8e54c77a529f34c3b03411d em=1.0 f1=1.00 pred='algae'
[1282/1400] id=7a004527051f4f59ba6f9026620091ed em=1.0 f1=1.00 pred='Bering Strait'
[1283/1400] id=fc7d5b5ff10649fb9d504f8c18c074b7 em=1.0 f1=1.00 pred='The Apprenticeship'
[1284/1400] id=9c037da132884b05be6639477d52a0fc em=1.0 f1=1.00 pred='Tiger Woods'
[1285/1400] id=934bccc0b59a4d75b6562ed5649c8985 em=0.0 f1=0.00 pred='Islands'
[1286/1400] id=502fb1bae3ee4cbca89cd9f27ea336ad em=1.0 f1=1.00 pred='Warsaw'
[1287/1400] id=fc7bfd85bc0249a8a29c7eb20eb47a7e em=1.0 f1=1.00 pred='Angels in America'
[1288/1400] id=6f4ec63343fb46d0bf9b7a16802285d5 em=1.0 f1=1.00 pred='removed'
[1289/1400] id=113ef1dcda894e588b26f9e31a1be728 em=0.0 f1=0.00 pred='Fraternal lodge'
[1290/1400] id=3ab1af1d409a4e1197e5b6e07b1c71a4 em=0.0 f1=0.50 pred='Grambling State University'
[1291/1400] id=fd8a452315f149bca027943bf51dc942 em=1.0 f1=1.00 pred='Trespassing'
[1292/1400] id=c2b851b5ff944169af497fcfcc7b5df5 em=1.0 f1=1.00 pred='Jordan'
[1293/1400] id=8d044f3c240847d2862aa7e0d73bd9d8 em=1.0 f1=1.00 pred='George Orwell'
[1294/1400] id=6de37e27f88c44f291990360bf815f5a em=0.0 f1=0.67 pred='window'
[1295/1400] id=ee64d64641884a29968d0d62af120707 em=1.0 f1=1.00 pred='Banquo'
[1296/1400] id=04ee94462305470b987a01d6405e159a em=1.0 f1=1.00 pred='Netflix'
[1297/1400] id=678a7691bb3e4274b624af40ef488b03 em=1.0 f1=1.00 pred='My Brilliant Career'
[1298/1400] id=3b118e16845f4c09a5c0ad28fa40b006 em=0.0 f1=0.67 pred='Toyota Prius'
[1299/1400] id=0c78abcb5f1a4f029167c156ac56b000 em=1.0 f1=1.00 pred='Battle of New Orleans'
[1300/1400] id=9bb18f3c66b44057947371fa8d185a1e em=1.0 f1=1.00 pred='sharpener'
[1301/1400] id=ee7665e36cc34a67ba02ba0b1d8a7bcc em=0.0 f1=0.00 pred='Standard Oil of New Jersey'
[1302/1400] id=c34e279373b949cf8e2c881dacec6171 em=1.0 f1=1.00 pred='Force'
[1303/1400] id=fe6e92dd15c0429b9204c0ab231039a9 em=0.0 f1=0.67 pred='Marsalis brothers'
[1304/1400] id=e5e77a9058cc4bf7a92c6a911601f701 em=1.0 f1=1.00 pred='Tom Jones'
[1305/1400] id=6996fbc6972043ce9f7e0cf90a55b30c em=1.0 f1=1.00 pred='Stomp the Yard'
[1306/1400] id=4eb0744e8d644b80b94a1344a84859eb em=1.0 f1=1.00 pred='Eternity'
[1307/1400] id=74788324a10444caa373c6c132264ef1 em=1.0 f1=1.00 pred='Alice'
[1308/1400] id=5f64cb16a5fe4ae59f115abb613a344f em=1.0 f1=1.00 pred='After all, tomorrow is another day!'
[1309/1400] id=6abaa808578a4e3fa8eebf0fb4746524 em=0.0 f1=0.00 pred='heartlight'
[1310/1400] id=94289b1fd355402ebb4bea3a9f6c0aaa em=1.0 f1=1.00 pred='Brigham Young'
[1311/1400] id=eda12d2897b048d29d06e154139b5247 em=1.0 f1=1.00 pred='Wikipedia'
[1312/1400] id=0b57ee37f76e4aedadcf30f3f3f64065 em=0.0 f1=0.00 pred='Asteroids'
[1313/1400] id=86bff10296aa4a27a1fc0b4952c4d0c9 em=1.0 f1=1.00 pred='Google'
[1314/1400] id=95cf345e73974f0d88a4b8cc672d87f3 em=0.0 f1=0.67 pred='Nikola Tesla'
[1315/1400] id=4edb4e2bad214db8978b50448dc480d2 em=1.0 f1=1.00 pred='Apathy'
[1316/1400] id=59a121a02d124bfe84f296faf536ec34 em=1.0 f1=1.00 pred='churrasco'
[1317/1400] id=6b68a6dadf3d4c1fa91721ee57730bdb em=1.0 f1=1.00 pred='banquet'
[1318/1400] id=10b4abb550ca406c8d4e33c9cff31fe2 em=1.0 f1=1.00 pred='Orange County'
[1319/1400] id=c687496e98c74437bbc4b8bf606ac072 em=1.0 f1=1.00 pred='Sarah Bernhardt'
[1320/1400] id=3a649663c9c24c5f990723e9ffce087e em=1.0 f1=1.00 pred='Gandhi'
[1321/1400] id=469ccca2f4df48c5bb1322f6ee1f5ae2 em=1.0 f1=1.00 pred='Russia'
[1322/1400] id=428de1f33b694736b48478c9fa3d9c90 em=1.0 f1=1.00 pred='South Bend'
[1323/1400] id=86d1ce36f5eb4b5f9d5a2f444e0d3410 em=1.0 f1=1.00 pred='Austria'
[1324/1400] id=73bbbb3357304ec28774176d9745f8a0 em=1.0 f1=1.00 pred='Montana'
[1325/1400] id=35001a53f50d46cea48df347c4179128 em=1.0 f1=1.00 pred='Grateful Dead'
[1326/1400] id=d95d8625d0334f89915ee105b9e34b4d em=1.0 f1=1.00 pred='curtsy'
[1327/1400] id=300801d48f2f4d8088876d6a3061b3aa em=0.0 f1=0.00 pred='Traditional Spanish lace or silk veil'
[1328/1400] id=1e2d37008d46461abe1a480c9e63bb2e em=1.0 f1=1.00 pred='Olga Korbut'
[1329/1400] id=708b4a8bae5249be828bd88d87df1881 em=0.0 f1=0.80 pred='Johann Strauss II'
[1330/1400] id=e479559a0b7b47789e1d5293852e6994 em=1.0 f1=1.00 pred='Precipitation'
[1331/1400] id=dee7957065c94ee090d39bdf0373ef9a em=1.0 f1=1.00 pred='Vimy Ridge'
[1332/1400] id=113920ea62314360be6016cd2157ec4b em=1.0 f1=1.00 pred='1914'
[1333/1400] id=3706087847e5422f8271b5ef961601f3 em=1.0 f1=1.00 pred='Shannen Doherty'
[1334/1400] id=465d7e4fc1b840c7af24faea67493152 em=1.0 f1=1.00 pred='Greenwich Village'
[1335/1400] id=d929253bd8954a849dfc86401d878d1f em=1.0 f1=1.00 pred='British Shorthair'
[1336/1400] id=1d8e752954e74f6eb7e718011414d6d7 em=0.0 f1=0.67 pred='Boy Scouts of America'
[1337/1400] id=7793a82070884d96b11e47e8a1b5a7d7 em=1.0 f1=1.00 pred='Wilbur'
[1338/1400] id=e6cd02bc72bc4037b1c570a31c78e8d2 em=1.0 f1=1.00 pred='Prego'
[1339/1400] id=8344454542d649fd92f5bf7b046d4bed em=1.0 f1=1.00 pred='Penn Station'
[1340/1400] id=8ce3c7071ee34ee7858f30496106e859 em=1.0 f1=1.00 pred='Battle of Crecy'
[1341/1400] id=4d5e0dea4f574ac187add806d1714a0e em=1.0 f1=1.00 pred='James Thurber'
[1342/1400] id=70202b1963a545e7ba8ebeea2b589c32 em=1.0 f1=1.00 pred='Margaret Mitchell'
[1343/1400] id=082c96ededd84d999e08d466a87df5b2 em=1.0 f1=1.00 pred='Libya'
[1344/1400] id=8e11057543334656906b81118a19a735 em=1.0 f1=1.00 pred='The Mousetrap'
[1345/1400] id=1027da416e6845f7b2dc1ec382291283 em=0.0 f1=0.67 pred='bread'
[1346/1400] id=5793a138742e4e3d941703f36e07f1d6 em=1.0 f1=1.00 pred='watercolor'
[1347/1400] id=328b8c0bf3f041cc8aac9d6e641c6d02 em=1.0 f1=1.00 pred='CN Tower'
[1348/1400] id=5eb5d29e6f8f4ee6bb8c46f30b20bb90 em=1.0 f1=1.00 pred='Eliza Doolittle'
[1349/1400] id=671f3c2e406f4ca7b41cb69fefe72e66 em=0.0 f1=0.00 pred='Pleasure Island'
[1350/1400] id=b10f01cf02e04443a3de620e24f5f86c em=1.0 f1=1.00 pred='Honda'
[1351/1400] id=8fe10b939ea84d8abd2b64b409aa6d75 em=1.0 f1=1.00 pred='condor'
[1352/1400] id=2851247e64e74637a690f20a08320673 em=1.0 f1=1.00 pred='Hugo Chavez'
[1353/1400] id=aced03563b4b43af889b1dfbeea8930c em=1.0 f1=1.00 pred='Afrikaans'
[1354/1400] id=56f8ab13e599488db9ea7da6506dd22b em=1.0 f1=1.00 pred='high and dry'
[1355/1400] id=3024323c6138434d9f1662affb9fb692 em=1.0 f1=1.00 pred='Rihanna'
[1356/1400] id=c9c3ac27321f436cb35d16796c19d8a6 em=1.0 f1=1.00 pred='Premium'
[1357/1400] id=7aefedbe5511421bacbdb9d6d5bd94e2 em=1.0 f1=1.00 pred='Alexandre Dumas'
[1358/1400] id=d4162c20a5414f1c83e112b7d4f484b1 em=1.0 f1=1.00 pred='Maria Full of Grace'
[1359/1400] id=bf73afe8bee84b3bbe542b2b88e4f8d8 em=1.0 f1=1.00 pred='League of Nations'
[1360/1400] id=08643f2395a442048048c00a198ffff0 em=1.0 f1=1.00 pred='Modem'
[1361/1400] id=648a3e22947944589f67270b3bf39e5b em=1.0 f1=1.00 pred='Israel'
[1362/1400] id=e57213c97d9541dc97988ec38f544b3c em=0.0 f1=0.67 pred='Madden'
[1363/1400] id=f8388135f4164e7c9b638736e6dbe2ea em=1.0 f1=1.00 pred='James Garner'
[1364/1400] id=6ac7b9d73a2b4571b40b686fd84cda6c em=1.0 f1=1.00 pred='Ford'
[1365/1400] id=7ec750061ca34bbc927c07fd28f2cefa em=1.0 f1=1.00 pred='December'
[1366/1400] id=fa792aca44234b2ba8410edfad4fe8d4 em=1.0 f1=1.00 pred='Dreamgirls'
[1367/1400] id=5ff5cbfe8f2b43ac9f83e280fd971805 em=1.0 f1=1.00 pred='rum'
[1368/1400] id=a8648c93b9b0446f8ddeb9c823a713cf em=0.0 f1=0.00 pred='Great Expectations'
[1369/1400] id=8c9fb9585a8a4fea9fcbc4354bb8d103 em=1.0 f1=1.00 pred='Warren & Tonya Harding'
[1370/1400] id=498bd3a0553c45aeaea0c0aff24ffdb6 em=0.0 f1=0.00 pred='Tim Burton'
[1371/1400] id=5a2b64d258194300b61e72edc4e56190 em=1.0 f1=1.00 pred='Sting'
[1372/1400] id=cff206087af64daeb2f1d2775346610b em=0.0 f1=0.00 pred='Counties'
[1373/1400] id=56ecfbae1dcb45f0bff6b57741549963 em=0.0 f1=0.00 pred='Funk'
[1374/1400] id=b697e6d84196496d8edf419d5fa91c5c em=1.0 f1=1.00 pred='Alaska'
[1375/1400] id=e39d19a65521470fa0a20de46fe730c0 em=1.0 f1=1.00 pred='Pfizer'
[1376/1400] id=e7304dd4e7914bdfbb2b912691b84422 em=1.0 f1=1.00 pred='Marco Polo'
[1377/1400] id=60f4ea1efa2c412a86b4739a9b046439 em=1.0 f1=1.00 pred='Herman Melville'
[1378/1400] id=a5d2e623e6c84312b5fe863872fbce1c em=1.0 f1=1.00 pred='Amsterdam'
[1379/1400] id=1f75dbd11b634d259b8e74de03011324 em=0.0 f1=0.67 pred='Richard Nixon'
[1380/1400] id=fbe47ed4a64c4659a4b0ea00be4d94b9 em=1.0 f1=1.00 pred='water'
[1381/1400] id=0262ecde89394a1594fe54ed6de67d5d em=1.0 f1=1.00 pred='Richard Branson'
[1382/1400] id=03ff0bfba1e441cb952c5e96e081cd95 em=1.0 f1=1.00 pred='Jamaica'
[1383/1400] id=2ecea5a42dd645ac8d8c0fb34920a228 em=1.0 f1=1.00 pred='caldera'
[1384/1400] id=a66e9943b68245029ef11c7874193702 em=1.0 f1=1.00 pred='Stigma'
[1385/1400] id=a382ca2b34114134b632096cc1687285 em=1.0 f1=1.00 pred='Mont Blanc'
[1386/1400] id=ed13c6c4f99a466abae80756060d24b0 em=1.0 f1=1.00 pred='Aqueduct'
[1387/1400] id=09fb31b2ca0042ca8fc523353e633341 em=1.0 f1=1.00 pred="A Connecticut Yankee in King Arthur's Court"
[1388/1400] id=7a903a18b8e44df0bc6b8af86c7e4bf8 em=1.0 f1=1.00 pred='copper'
[1389/1400] id=4b6b4fd437ea490f9c7064152fd5dcac em=1.0 f1=1.00 pred='The Last Remake of Beau Geste'
[1390/1400] id=bae1026af636465dbd8a49333f7c831e em=1.0 f1=1.00 pred='Super Size Me'
[1391/1400] id=ebe62a81dd104541971b10c5a5564d20 em=1.0 f1=1.00 pred='Motor Voter'
[1392/1400] id=93c5050360564c80b95382bc27b44fb7 em=0.0 f1=0.67 pred='Rudolf Nureyev'
[1393/1400] id=5c63c75dfa8f4d4cad5bccf467ec9f9c em=1.0 f1=1.00 pred='Big Sky Conference'
[1394/1400] id=77baa9369e3142f1a7884b426030dac0 em=1.0 f1=1.00 pred='The Big Sleep'
[1395/1400] id=3be35a549dce4bf090544d80e41457ed em=1.0 f1=1.00 pred='Hope chest'
[1396/1400] id=aa3c5dbe762f4e359842e588b8ae47e9 em=0.0 f1=0.50 pred='Oprah Winfrey Leadership Academy for Girls'
[1397/1400] id=7a5fb1ab2110493a8d592d19360934d2 em=0.0 f1=0.57 pred='Capital of Bosnia and Herzegovina'
[1398/1400] id=733fbb4bb2984bb4bf23569014902ff5 em=1.0 f1=1.00 pred='1997'
[1399/1400] id=d6ba8697e6694769a0ed824a7df27252 em=0.0 f1=0.00 pred='Golfers'
[1400/1400] id=81218a8ee1b04b7d879451985591f6fa em=0.0 f1=0.00 pred='Long jump'

==== Summary ====
{
  "n_items": 1400,
  "agent_ok": 1400,
  "agent_failed": 0,
  "em": 0.8079,
  "f1": 0.884,
  "sub_em": 0.9221,
  "usage": {
    "prompt_tokens": 4130631,
    "completion_tokens": 861118,
    "api_calls": 0,
    "api_errors": 0
  }
}

Saved to experiments/judgestudy/candidates/greedy_step7
